Cycle,capacity,Avg_V,Min_V,Max_V,Drop_Rate,Avg_I,Duration,RUL (%),RUL (cycles)
0,0.99492725075381,3.286932301819247,2.7478075027,3.8457767963,0.0009195728173161287,-2.99978228992,1193.9992928505,100.0,519
1,0.995762255766077,3.289586023942057,2.7438864708,3.8509771824,0.0009264354705849162,-2.9997848984004176,1195.0003499984998,100.08392623798719,518
2,0.994095535132029,3.290842205635511,2.7494046688,3.8522105217,0.0009243970114924612,-2.999784644722445,1193.0002360344,99.91640437819439,517
3,0.993262535948386,3.291326725273512,2.749553442,3.8534755707,0.0009261090294452518,-2.9997855967467726,1192.000178814,99.83267974576404,516
4,0.992428773535417,3.2916628260331375,2.7499227524,3.8538575172,0.0009268972729599634,-2.9997842565875,1191.0001215935,99.74887840125999,515
5,0.992427949124897,3.2915000485497483,2.7437393665,3.8544027805,0.0009325468518962701,-2.999781771194379,1191.0001215934,99.74879553987293,514
6,0.991595441816,3.2918316521238453,2.7441875935,3.8549289703,0.0009333960648399482,-2.9997842315869856,1190.0000638962001,99.6651203457051,513
7,0.990761824102115,3.292091244809916,2.7450437546,3.8554468155,0.0009338965977002409,-2.9997833410217645,1189.0000066757,99.58133354488591,512
8,0.98992916905342,3.2922823944442388,2.7452237606,3.8558270931,0.0009348513293821908,-2.9997853428697225,1187.9999499321,99.49764350141146,511
9,0.989093244449393,3.2924115491239054,2.7447378635,3.8564748764,0.0009365932408258235,-2.9997749430959595,1187.0008926391,99.413624835384,510
10,0.988259675151725,3.2928236306168492,2.7461123466,3.8565495014,0.0009362877814735861,-2.999776698001348,1185.9998354911,99.32984290087205,509
11,0.98742807305114,3.293102740637605,2.7462949753,3.8569598198,0.0009372692958359587,-2.9997794119542998,1185.0007777214,99.24625868906614,508
12,0.986594836544924,3.2934537271913076,2.7474293709,3.8573458195,0.0009374296534195558,-2.999782165896456,1183.9997215271,99.16251020337687,507
13,0.985761393660922,3.2936168995660475,2.7468674183,3.8576710224,0.0009389720373644289,-2.9997818218291386,1182.9996633530002,99.07874097468498,506
14,0.984926168311105,3.2937834960153,2.7469573021,3.8579463959,0.0009399234040246411,-2.9997759977829244,1181.9996066093,98.9947925906012,505
15,0.984093173970234,3.2942604709999155,2.748521328,3.858607769,0.00093995500808989,-2.9997769660743656,1180.9995493889,98.91106844491719,504
16,0.984093431048009,3.2945785927905247,2.7461912632,3.8588340282,0.0009421195508294845,-2.9997777779483927,1180.9995493888,98.9110942837687,503
17,0.982428251748788,3.2946749551818644,2.7490804195,3.859193325,0.0009415712434552459,-2.999779688303644,1179.0004348755,98.74372734332565,502
18,0.982427276803216,3.2944316581134743,2.7438778877,3.8594360352,0.0009461897676210784,-2.999776693520339,1179.0004348755,98.74362935168139,501
19,0.981594135285571,3.2950588121969466,2.7476882935,3.8594725132,0.0009437893576173432,-2.9997772349444443,1178.000377655,98.65989041328025,500
20,0.980758828657794,3.295409783442445,2.7496254444,3.8600816727,0.000943463780269358,-2.999773709802207,1176.999320507,98.57593385995997,499
21,0.98076034952192,3.2951475195659596,2.7438361645,3.8600075245,0.0009483186543125671,-2.999775812660781,1177.0003204345999,98.57608672180238,498
22,0.97992633637298,3.2953712146169925,2.7453525066,3.8602087498,0.0009480067969551313,-2.9997736771630414,1176.0002636908998,98.49226017586064,497
23,0.979092245557857,3.2955785608621597,2.7460842133,3.8604505062,0.0009483974862273284,-2.999773879847194,1174.9992055893,98.40842582370162,496
24,0.978261257320077,3.295692529880851,2.7468745708,3.8605694771,0.0009486318710442124,-2.9997759194084255,1174.0011487007,98.32490331116108,495
25,0.977427036180815,3.2958517401540033,2.7480595112,3.8610980511,0.0009488818866387096,-2.999775699293271,1173.0000915527999,98.24105586014092,494
26,0.977426390943326,3.295810139159795,2.7442033291,3.8613703251,0.0009524014563946077,-2.999773721881005,1173.0000920296,98.2409910074104,493
27,0.976593818172452,3.2962147750514914,2.7471215725,3.861628294,0.0009509442737644161,-2.999776004219778,1172.0000343323,98.15730923366833,492
28,0.975761152108502,3.296605075178328,2.7493710518,3.8615810871,0.0009497950956781384,-2.999778011145478,1170.9999771118,98.07361808305212,491
29,0.975760700778021,3.2964344175209046,2.7452857494,3.8618080616,0.0009534776546273904,-2.999776609115102,1170.9999775887,98.07357271988806,490
30,0.974926900829592,3.2967138669091374,2.7473509312,3.862020731,0.0009527092958293185,-2.999775131372246,1169.9999198913001,97.98976760270013,489
31,0.974092975862895,3.296967224790513,2.7496268749,3.862508297,0.0009519944845017449,-2.999773273100769,1168.9998631478,97.9059499199434,488
32,0.974093372661981,3.296697301130513,2.7444257736,3.8623702526,0.0009563255858642088,-2.9997745037086325,1168.9998631478,97.90598980216451,487
33,0.973259411927868,3.2967112821017963,2.7443597317,3.8625128269,0.0009573230145465396,-2.999772524405988,1167.9998059272,97.82216852442977,486
34,0.972425713285657,3.296948817493236,2.7465889454,3.8629963398,0.0009566475019700189,-2.999771353726455,1166.9997487068,97.73837358951575,485
35,0.971593272780509,3.297130688908912,2.7481958866,3.8628158569,0.0009559350477485837,-2.9997740508960584,1165.9996910094999,97.65470510978346,484
36,0.970762466882982,3.297240794828902,2.7492275238,3.8632588387,0.0009562495355440305,-2.999779242184563,1165.0006337166,97.57120092423646,483
37,0.970761091618356,3.297013412822813,2.7448120117,3.8630442619,0.000959856310087711,-2.9997775650754717,1164.9996342659,97.57106269657963,482
38,0.969929555378534,3.2971828968224037,2.7469046116,3.863514185,0.0009592852755176713,-2.9997779064424033,1164.0015769005,97.48748510442985,481
39,0.969094008314924,3.2970770892396906,2.7446651459,3.8633685112,0.0009619121475879667,-2.9997761921379724,1162.9995193482,97.40350438493735,480
40,0.968262353958383,3.2974320649071367,2.7491676807,3.8634274006,0.0009589150395127389,-2.9997787588330183,1162.0004630089,97.31991492089253,479
41,0.968261382311934,3.297189779559759,2.7446513176,3.8635680676,0.0009629228090862874,-2.9997757649700776,1162.0004630088001,97.31981726084268,478
42,0.967427216614707,3.2972757726041304,2.7456898689,3.8636724949,0.0009629484918550508,-2.999775710285542,1160.9994049072002,97.23597538229377,477
43,0.966594988002389,3.297409052892937,2.7470407486,3.8637681007,0.0009626957043053393,-2.999776527452024,1160.0003480911,97.15232819988043,476
44,0.965759744305361,3.2976959982831895,2.7495007515,3.8638863564,0.0009615058884966897,-2.999770531365345,1159.0002913475,97.06837797172103,475
45,0.967423037876831,3.2956491138345956,2.7465319633,3.8619930744,0.0009607758150114723,-2.999760167529604,1161.0004057884,97.23555537792934,474
46,0.9682562364441,3.297183150580739,2.7485053539,3.8641629219,0.0009601180064172272,-2.9997598274137576,1162.0004630089,97.31930005038029,473
47,0.96825551229634,3.2972787914858985,2.7469997406,3.8644974232,0.0009617015815681963,-2.999757559055632,1162.0004625319998,97.31922726638936,472
48,0.967422588058694,3.2975486730327024,2.7485647202,3.8647654057,0.0009614136582015019,-2.999761367419191,1160.999405384,97.23551016677078,471
49,0.966592072567426,3.2976295759095606,2.7491486073,3.8645660877,0.0009615665045075715,-2.9997674455756247,1160.0003485679,97.1520351699166,470
51,0.970756725316767,3.2984349437283877,2.7477684021,3.86617589,0.0009600067291544447,-2.9997640823617497,1164.9996337891,97.57062384021242,468
52,0.964923749207955,3.2976985492004314,2.7481634617,3.8650007248,0.0009644534004795077,-2.999762206781277,1158.0002336502,96.98435222041383,467
53,0.964089546216311,3.297752835794473,2.7490537167,3.865136385,0.0009646348298268537,-2.9997594564478414,1157.0001764298,96.90050659340824,466
54,0.963254894745364,3.29775621464503,2.7496378422,3.8652608395,0.0009650716970539208,-2.9997552739421782,1156.0001196860999,96.81661588981008,465
55,0.963256088221184,3.297461174434659,2.7451815605,3.8650112152,0.0009687106740663312,-2.9997589957026793,1156.0001192093,96.81673584589926,464
56,0.962423290921423,3.2978424549521623,2.7483172417,3.8651628494,0.0009669658418163621,-2.9997606019663494,1155.0000624656,96.73303150478989,463
57,0.962426467525557,3.2977789044381485,2.7451944351,3.8657114506,0.000970144549696313,-2.999770496957093,1155.0000624657,96.73335078483089,462
58,0.961591617100913,3.297871135530476,2.7465240955,3.8654901981,0.0009696413323345209,-2.999765727219394,1154.0000052452,96.64944008442424,461
59,0.960758609311562,3.2979035365097054,2.7478408813,3.8655071259,0.000969354982638782,-2.9997666770490468,1152.9999480247,96.56571458703537,460
60,0.960758260826688,3.297999409702513,2.7461147308,3.8657286167,0.0009710441772508371,-2.999765586603553,1152.9999480248,96.56567956086903,459
61,0.960758309677757,3.2981235914883014,2.7446148396,3.8659272194,0.0009725172856433482,-2.9997657483732234,1152.9999480248,96.56568447088318,458
62,0.959924897900973,3.2983456160433646,2.7472541332,3.866038084,0.0009711667164152593,-2.9997654364405033,1151.9998903274002,96.48191836877345,457
63,0.959092485905109,3.2985523930841145,2.7498083115,3.8661458492,0.0009698850556946877,-2.9997682416190106,1150.9998335838002,96.39825275450534,456
64,0.959091409986072,3.298353602902864,2.7461669445,3.8665688038,0.0009734161783598794,-2.9997649083114584,1150.9998335838,96.39814461403215,455
65,0.958259452324484,3.298092886637706,2.7453882694,3.8661682606,0.0009745914862211535,-2.9997691559236315,1149.9997763633999,96.3145246648391,454
66,0.957424296123106,3.298057842877913,2.747115612,3.8661608696,0.0009739299665792977,-2.9997634099871306,1148.999718666,96.23058323085533,453
67,0.956593293164522,3.29789097668094,2.7468626499,3.8664183617,0.0009752221832310087,-2.9997680363609227,1148.00066185,96.14705923872884,452
68,0.955760786068343,3.2980170002790943,2.7493536472,3.8664355278,0.0009739156859126818,-2.999770577568554,1147.0006046295,96.06338406594126,451
69,0.955758740900534,3.2976890100425087,2.7452378273,3.8664810658,0.0009775445723237324,-2.9997667960995646,1146.9996051788,96.06317850640839,450
70,0.954924802872952,3.2977760916918046,2.7472791672,3.8661799431,0.0009763535935284375,-2.9997648344718395,1145.9995470047,95.97935951090393,449
71,0.954093130212407,3.297802936134904,2.7486665249,3.8664972782,0.0009762701297328927,-2.9997647416112567,1145.0014901160998,95.89576820712621,448
72,0.954092140563313,3.2977197399112566,2.7466218472,3.8662502766,0.000977841004430993,-2.999764227118237,1145.0004901886,95.89566873763302,447
73,0.954091927175542,3.2978836404086387,2.7455887794,3.8664557934,0.0009789235921358367,-2.999766212483944,1144.9994902610001,95.89564729005774,446
74,0.953257427986422,3.2979266693500433,2.7468795776,3.8665316105,0.0009787164415620646,-2.9997598610583402,1144.0004329680999,95.81177189228491,445
75,0.953258145015876,3.2976698436069,2.7438120842,3.8667962551,0.0009816300065072217,-2.9997647493697817,1143.9994330406998,95.8118439608159,444
76,0.952426899295155,3.2981867531796327,2.7488670349,3.8666596413,0.000977945965825943,-2.999768632275262,1143.0003757477,95.72829556870067,443
77,0.952427127673271,3.2980492438052447,2.7459919453,3.8667798042,0.0009805664833372678,-2.9997693533653846,1143.0003757476002,95.72831852295344,442
78,0.952427708656994,3.2979964026200173,2.7442719936,3.8668894768,0.0009821672039833176,-2.9997711731826047,1143.0003757477,95.72837691754688,441
79,0.951592548358138,3.2985550910881014,2.7499499321,3.8670303822,0.0009781796121702058,-2.99976800224287,1141.9993181227999,95.64443507172616,440
80,0.951592340320163,3.2985713367177603,2.7477166653,3.8672213554,0.0009803015567839664,-2.999764703806649,1142.0003185272,95.64441416185815,439
81,0.950760754507551,3.2983196608430827,2.7480041981,3.8674428463,0.0009811020248314505,-2.9997675431374784,1141.0012617111001,95.56083158715413,438
82,0.94992602751976,3.2982700075844877,2.7492880821,3.8673698902,0.0009807733402961386,-2.999765711224014,1140.0002040862998,95.47693329336846,437
83,0.94992848474942,3.2979294954934266,2.7458837032,3.8670394421,0.000983469770339731,-2.999773464946889,1140.0002040862998,95.47718026918083,436
84,0.949094831267516,3.297951528272719,2.7474591732,3.8673357964,0.000983210253555785,-2.9997724277933333,1139.0001468658002,95.393389873323,435
85,0.949091925230704,3.297656138529386,2.7440664768,3.8670294285,0.000985919935822635,-2.9997632503505263,1139.0001468659,95.39309778796601,434
86,0.948261119099635,3.2978353295233536,2.7471060753,3.8670334816,0.000984118043552216,-2.99976855040281,1138.0010900497,95.30959357894577,433
87,0.948259119065774,3.297563747108165,2.7438824177,3.8670802116,0.0009869927112659432,-2.999764856064091,1138.0000896454,95.30939255581976,432
88,0.947426759508556,3.2978090653321614,2.7474610806,3.8671076298,0.0009847374817946023,-2.999767865992619,1137.0000329017,95.22573221215269,431
89,0.947426231030241,3.2975948642554482,2.7447428703,3.8671164513,0.0009871359269940335,-2.999766188471529,1137.0000324249,95.22567909487053,430
90,0.951589349438136,3.297101560435258,2.7440571785,3.8661081791,0.0009825321100079727,-2.9997579139881014,1141.9993190766002,95.64411354872038,429
91,0.952424018828046,3.298535436391084,2.7478621006,3.8676104546,0.0009796578875614717,-2.9997621776766605,1142.9993758201,95.728006053351,428
92,0.952424227427701,3.298291273050874,2.744907856,3.8677616119,0.0009823747760967533,-2.9997628585430944,1142.9993758201,95.7280270196734,427
93,0.951591108559526,3.298498881456956,2.7480797768,3.8678548336,0.0009805383047322772,-2.9997608359195103,1142.0003190041,95.64429035776733,426
94,0.951591457027026,3.2980801996591427,2.7439496517,3.8678734303,0.000984172021668877,-2.9997645619657916,1141.9993190765001,95.64432538218743,425
95,0.950756636487908,3.29817803081331,2.7457838058,3.8682096004,0.0009837217538976781,-2.9997598189601575,1140.9992613793,95.56041768557087,424
96,0.949923937751342,3.298211138879404,2.7478196621,3.868188858,0.0009827798200522048,-2.9997591172056093,1140.0002045631,95.47672325103457,423
97,0.949089695372728,3.2982028706042104,2.7490458488,3.8682098389,0.000982584588052615,-2.9997561881410526,1139.0001468658002,95.3928736652501,422
98,0.949092108331411,3.2977471964405263,2.7445971966,3.8678548336,0.000986178658203489,-2.9997638160727194,1139.0001473426998,95.3931161913927,421
99,0.948258340607494,3.297830453140562,2.7469258308,3.8681821823,0.0009852866983337393,-2.9997623653341527,1138.0000901222,95.30931431308599,420
100,0.947425347702231,3.2979778992058875,2.7492492199,3.8678195477,0.0009837909370550622,-2.9997633871569422,1137.0000329017,95.22559031169475,419
101,0.947426705702981,3.2978886743005273,2.7471916676,3.8678832054,0.00098565655705376,-2.999767733374341,1137.0000329017998,95.22572680416181,418
102,0.946591499243474,3.2980964980641163,2.7499396801,3.8679790497,0.0009841896069843416,-2.9997617145760773,1135.9999756813002,95.14178031874046,417
103,0.946589927121632,3.2977756860487246,2.7467138767,3.8682515621,0.0009872691103953357,-2.999756745318118,1135.9999756813002,95.14162230499214,416
104,0.945758933480135,3.297967913915669,2.7499718666,3.8679008484,0.000984959526504353,-2.9997640995075705,1134.999917984,95.05809924932475,415
105,0.945760260727642,3.2974614706674297,2.7444131374,3.8683049679,0.000990213138073323,-2.9997683026844193,1134.9999179841,95.05823265078763,414
106,0.945759413348094,3.297756631608979,2.7466979027,3.8680257797,0.000987953277246846,-2.9997629831785213,1135.0009183884001,95.05814748078677,413
107,0.945760943416821,3.298401024140845,2.749260664,3.8683688641,0.0009859984854340544,-2.9997704513882923,1134.999917984,95.05830126778234,412
108,0.945759834751892,3.2986166311405807,2.7491924763,3.86890769,0.0009865332992171937,-2.999766937443838,1134.999917984,95.05818983602407,411
109,0.944925036662741,3.297986772091982,2.7467463017,3.8683483601,0.0009890671919246634,-2.999762245631806,1133.9998612404,94.97428439585057,410
110,0.944093045279462,3.297520740532187,2.7462818623,3.8684227467,0.000990415779789747,-2.9997664401974427,1132.9998040199,94.89066105729506,409
111,0.943260967477801,3.297450187242718,2.7479364872,3.8679838181,0.0009894413267658153,-2.9997703938597526,1131.9997463226,94.80702903283994,408
112,0.943258845800928,3.2970725721939105,2.7443816662,3.8679828644,0.000992579909022776,-2.999760986109974,1132.000746727,94.80681578339167,407
113,0.942426720994022,3.2970158510407246,2.7458481789,3.8682293892,0.0009923797686609372,-2.9997674209901057,1130.999689579,94.7231790344459,406
114,0.941593701053272,3.2971579891519007,2.7491624355,3.8682425022,0.0009903357880748193,-2.9997657395170645,1130.0006322860002,94.63945231572161,405
115,0.941593614970837,3.296722210791246,2.7453951836,3.8678469658,0.0009933204844122417,-2.9997681072588858,1129.9996323585,94.63944366358801,404
116,0.940758553235065,3.296971144717699,2.749007225,3.8678326607,0.0009909883584882167,-2.999762550075044,1128.9995751381,94.5555117243292,403
117,0.940758946070556,3.296809205122832,2.747273922,3.8681967258,0.0009928452018147724,-2.9997611362315926,1129.0005750656,94.55555120816992,402
118,0.940760263485195,3.296570462252301,2.7443392277,3.8678655624,0.0009951521324200407,-2.999767992348584,1128.9995751381,94.5556836213326,401
119,0.940761348367021,3.2966592115645135,2.7439062595,3.8682971001,0.000995917859811828,-2.9997714454081414,1128.9995751381,94.55579266265447,400
120,0.939926713984088,3.296989337651993,2.7481372356,3.8680684566,0.0009928463713292303,-2.9997645794976084,1128.0005178451001,94.47190367657025,399
121,0.939928248437055,3.2967342897456153,2.7457399368,3.8680152893,0.0009949245007169706,-2.9997694914681134,1128.000518322,94.47205790422517,398
122,0.939093212564407,3.296993840249202,2.74979949,3.8683376312,0.0009924921707664656,-2.9997666520431734,1126.9994606972,94.38812856446538,397
123,0.939094798190434,3.2970669633096628,2.749080658,3.8681490421,0.0009929617805832984,-2.999769027562766,1127.0004606246,94.38828793551745,396
124,0.939093734810154,3.2968600495922873,2.7469115257,3.8681313992,0.0009948717040918812,-2.999768341474912,1126.9994602203,94.38818105531298,395
125,0.939093954508029,3.2966220571219855,2.7442252636,3.8685097694,0.0009975901031813292,-2.99976635972695,1127.0004606247,94.38820313711594,394
126,0.938260086061279,3.296937998989796,2.7488589287,3.8681788445,0.0009940679469898947,-2.9997672336540373,1125.9994039536,94.30439113517124,393
127,0.938260315140839,3.2965583337976043,2.745609045,3.8684792519,0.0009972200747261628,-2.999765334770009,1126.0004038811,94.30441415992604,392
128,0.937426136334741,3.296754465009947,2.7495298386,3.8684549332,0.0009945997780317942,-2.9997625810441386,1125.0003461837,94.22057096380634,391
129,0.937427472470799,3.296403895050533,2.7461936474,3.8680820465,0.0009972338252429544,-2.99976682747762,1125.0003466606,94.22070525865624,390
130,0.937427615794165,3.296146943979485,2.7440214157,3.8684096336,0.0009994558861373896,-2.9997672930903194,1125.0003461838,94.22071966406787,389
131,0.936593314827787,3.2963376418221335,2.7477378845,3.8680446148,0.0009967139162019793,-2.9997641554949337,1124.0002894401,94.13686418963535,388
132,0.936594106416809,3.2959378293347554,2.74411273,3.8683240414,0.0010001877419088614,-2.9997666859083556,1124.0002894401,94.13694375213818,387
133,0.935761585132942,3.2962179669714415,2.7487521172,3.8683371544,0.0009969588652595826,-2.9997692163298932,1123.0002322197,94.05326715334806,386
134,0.935761021952932,3.2961350079099643,2.7470982075,3.8680195808,0.0009981497240100145,-2.9997700923685944,1122.9992318154,94.05321054820334,385
135,0.939093642754301,3.2950417665733154,2.7465686798,3.8668835163,0.000994068654017729,-2.9997680128026594,1126.9994602204,94.38817180279196,384
136,0.941593474202957,3.2963728885748007,2.7440469265,3.868571043,0.0009951544091681066,-2.999767667312732,1129.9996323586001,94.6394295150279,383
137,0.940761784580905,3.2968339133066373,2.749212265,3.8684227467,0.0009913294091038044,-2.9997728370979644,1128.999575138,94.55583650645146,382
138,0.940761231602726,3.29644181960646,2.7455739975,3.8684062958,0.000994537396670547,-2.9997710863028315,1128.9995751381,94.55578092669137,381
139,0.939926293915773,3.2965954435524356,2.7489397526,3.8687539101,0.0009927434717058115,-2.999765902940478,1127.9995179176,94.47186145556216,380
140,0.939927252592077,3.2963522445641273,2.7465288639,3.8684191704,0.0009945831480369447,-2.9997663035443756,1128.000518322,94.47195781198452,379
141,0.939093379080992,3.29650816976578,2.7498579025,3.8684153557,0.0009925084255127561,-2.9997645147304075,1127.0004611015,94.38814530102424,378
142,0.939093669476507,3.296190044135372,2.746522665,3.8687214851,0.000995739451142692,-2.999765463753989,1127.0004606247,94.38817448863718,377
143,0.939094773651351,3.295903439851685,2.7439169884,3.8683693409,0.0009977399206601003,-2.9997716307203017,1126.9994606972,94.38828546909762,376
144,0.938261881575895,3.2961006617275954,2.7469651699,3.8686904907,0.0009962033023555189,-2.999770334153771,1126.0004038811,94.3045716020963,375
145,0.938258374634552,3.295749849838421,2.7441334724,3.8683297634,0.000998398655499133,-2.999761807782254,1125.9994039535002,94.30421911990824,374
146,0.937428273514768,3.2960744986104795,2.7487082481,3.8683009148,0.0009951931752713288,-2.9997694024386323,1125.0003461838,94.22078577147447,373
147,0.93742823518237,3.2959812481496447,2.7468633652,3.8683929443,0.0009969148746527292,-2.999769287678153,1125.0003461837,94.22078191869045,372
148,0.937428238661221,3.295889712566341,2.745162487,3.8684194088,0.000998450289913586,-2.999769283865986,1125.0003461837,94.2207822683493,371
149,0.938263497444907,3.2962280908512867,2.74406147,3.8686282635,0.000998726812264129,-2.9997754801433008,1126.0004034042001,94.3047340128666,370
150,0.938263982668226,3.2970608806014194,2.7477793694,3.869020462,0.0009957732605467755,-2.9997770602236913,1126.0004029274,94.30478278259511,369
151,0.938265439836206,3.2966802619476487,2.7446587086,3.8693208694,0.0009988106209034581,-2.9997790327300797,1126.0014033318,94.30492924234672,368
152,0.938264414291301,3.2967905281074534,2.744699955,3.8694207668,0.000998863595785284,-2.99977843149929,1126.0004034042001,94.30482616497054,367
153,0.937429625510352,3.297177174586323,2.7497239113,3.8690822124,0.0009949857347250274,-2.999776417366341,1124.9993462563,94.22092166036313,366
154,0.937429490689657,3.2970941604565724,2.7480106354,3.8691625595,0.0009965800667846852,-2.9997759792758436,1124.9993467330999,94.22090810955378,365
155,0.936597559417926,3.2966672331494222,2.7477617264,3.8692471981,0.0009977626186683463,-2.9997777237367997,1124.0002889633001,94.1372908128016,364
156,0.936596613505991,3.2961150728849775,2.7440230846,3.868742466,0.0010006397613654156,-2.999774683209778,1124.0002894401,94.13719573932418,363
157,0.935763957620094,3.2961665754643237,2.7471344471,3.868704319,0.0009987263045201041,-2.999776829393505,1123.0002322197,94.05350561170269,362
158,0.934930972801676,3.296178672319234,2.7493891716,3.8685677052,0.0009974851684856447,-2.999777903645236,1122.0001749992,93.96978242311911,361
159,0.934928203833179,3.2958083152769366,2.746666193,3.8688356876,0.0010001518004727247,-2.99977169605797,1121.9991745948998,93.96950411447946,360
160,0.934931253166426,3.2954891078296527,2.7441022396,3.868781805,0.0010023880481130954,-2.999778793628495,1122.0001749992,93.96981060254124,359
161,0.934098023499045,3.2957222183344923,2.748257637,3.8684418201,0.0009992721368482847,-2.9997790898862746,1121.0001177788,93.88606280422236,358
162,0.934096546845225,3.2953825424060605,2.7453999519,3.8686914444,0.0010020440454579212,-2.999774362314349,1121.0001173019,93.8859143859517,357
163,0.933262985492399,3.2956502620506694,2.7496826649,3.8685736656,0.0009990097684624952,-2.999773565092774,1120.0000600815001,93.80213324997473,356
164,0.9332612642881,3.2956119015423724,2.7487642765,3.8682324886,0.0009995251357562771,-2.9997680416920605,1120.0000600815,93.80196025196932,355
165,0.933263055395109,3.29558813731463,2.7480444908,3.868180275,0.0010001202884907842,-2.999771126884389,1120.0010609627,93.8021402758864,354
166,0.934097610108887,3.2958583366424246,2.7460317612,3.8687839508,0.0010015629541812825,-2.9997777598849376,1121.0001177786999,93.88602125443491,353
167,0.933265163891506,3.295952609985905,2.7490684986,3.8683240414,0.000999335252037461,-2.9997805838703835,1120.0000605583,93.80235220056687,352
168,0.933262597441216,3.2960041047853705,2.7484331131,3.8683547974,0.00099993002120173,-2.9997723255709188,1120.0000605583,93.80209424700413,351
169,0.93326472057772,3.296348256154237,2.7499802113,3.8688161373,0.0009989605942005756,-2.9997791388955397,1120.0000605583,93.80230764315972,350
170,0.934097935058746,3.2960175666786986,2.7443947792,3.8688504696,0.0010030825800697034,-2.999778817894296,1121.0001177788,93.88605391510018,349
171,0.934097207810712,3.296443412647594,2.7466628551,3.8685948849,0.0010008313219654662,-2.999776483431729,1121.0001177788001,93.88598081950114,348
172,0.933262609685147,3.296514795466369,2.7494580746,3.8688325882,0.0009994414763857653,-2.9997723561965213,1120.0000600815,93.80209547763994,347
173,0.933265041570398,3.2958203893390725,2.7449266911,3.8682293892,0.0010029478879357205,-2.9997775059085634,1120.0010604858,93.80233990608927,346
174,0.932429814938841,3.2958586948261606,2.7484974861,3.8683943748,0.001000801506129959,-2.999774041132679,1119.0000033379001,93.71839139317798,345
175,0.932430545175512,3.295317420575893,2.7444608212,3.8678560257,0.0010039277936989184,-2.999776414037946,1119.0000033378,93.71846478916451,344
176,0.931596961835282,3.2955950682872204,2.7494637966,3.8676970005,0.0010002086388825953,-2.999775531995621,1117.9999456406,93.63468144323662,343
177,0.931598077955569,3.2952407936211796,2.7469277382,3.8675692081,0.001002362723493616,-2.999779146413673,1117.9999451637,93.63479362433188,342
178,0.931597657622365,3.295021729132976,2.7452569008,3.8674390316,0.00100374077359943,-2.9997777821649683,1117.9999461174,93.63475137669984,341
179,0.931597021211365,3.294906721677837,2.7443859577,3.8672924042,0.001004388641411417,-2.999775751664701,1117.9999456406,93.63468741111848,340
180,0.934097507796123,3.2935399911412655,2.7439575195,3.8654665947,0.0010004540212709568,-2.9997774364672014,1121.0001173019998,93.88601097099318,339
181,0.935762102791976,3.295161100258096,2.7471153736,3.8672804832,0.0009974754037775223,-2.9997708829266903,1123.0002317429,94.05331918318576,338
182,0.936595470780431,3.2957053871161777,2.7453656197,3.8674342632,0.0009982805665706067,-2.999768383874489,1124.0012888908,94.13708088413662,337
183,0.93576622976838,3.2954166194297154,2.7465825081,3.8670675755,0.0009977603171649426,-2.999784116855783,1123.0002317428,94.05373398501182,336
184,0.935764736894549,3.295439920393061,2.7465071678,3.866984129,0.0009977530983989982,-2.9997793406357656,1123.0002322197,94.05358393647009,335
185,0.935763502340978,3.2959977961104094,2.7494299412,3.8672943115,0.0009954266603891704,-2.9997753513653027,1123.0002317428,94.05345985166188,334
186,0.935763220235147,3.295235831542705,2.7442922592,3.8673331738,0.0010000362269357123,-2.999774451995018,1123.0002317428,94.05343149724392,333
187,0.934931037579528,3.2951508502501334,2.7467668056,3.8667109013,0.0009981683771099308,-2.999780792054675,1121.9991750717,93.96978893393204,332
188,0.934097378945915,3.29510451298164,2.7494957447,3.8664848804,0.0009964219614787787,-2.999777019767647,1121.000117302,93.88599802027665,331
189,0.934097939856579,3.294806985504278,2.7476286888,3.8666696548,0.0009982523179545406,-2.9997788191683603,1121.0001177788,93.8860543973297,330
190,0.93409684844823,3.29464457336738,2.746727705,3.8662037849,0.0009986404659066228,-2.9997753363890376,1121.0001177788001,93.8859447000279,329
191,0.934095387049584,3.2944067387217464,2.7449047565,3.8660931587,0.001000167961532915,-2.9997706343149733,1121.0001173019,93.88579781505264,328
192,0.933262517453594,3.294653340602141,2.7497005463,3.865929842,0.000996633245844272,-2.9997720650309545,1120.0000605583,93.80208620745934,327
193,0.933262264049463,3.2944928889399643,2.7487585545,3.8661575317,0.0009976776046946721,-2.99977126576628,1120.0000600815,93.80206073784527,326
194,0.933261931948478,3.2946088460806426,2.7489683628,3.8658447266,0.000997210985188034,-2.9997701825655665,1120.0000605583,93.80202735842131,325
195,0.934095863029566,3.2944093177664,2.7439997196,3.8662154675,0.0010010844161203352,-2.9997721638475046,1121.0001173019,93.88584565573464,324
196,0.934096343504743,3.294791157445722,2.7465312481,3.8662502766,0.000998857190772345,-2.9997737182442963,1121.0001177788,93.88589394822804,323
197,0.934097668127162,3.2952025899262924,2.7482705116,3.8660860062,0.0009971591232434392,-2.999777939654813,1121.0001177786999,93.88602708584368,322
198,0.934096684772708,3.2945903223032085,2.7446789742,3.8661706448,0.001000439387276008,-2.999777461754545,1120.9991178511998,93.88592824902388,321
199,0.933263387725191,3.2947575414317574,2.7492797375,3.8655874729,0.0009967032812868248,-2.9997748520418375,1120.0000605584,93.80217367833687,320
200,0.933262652383736,3.2943602171888493,2.7470536232,3.8653383255,0.0009984684302093297,-2.999772500182872,1120.0000605583,93.80209976926919,319
201,0.93326345676514,3.2942300853071362,2.7463114262,3.8655064106,0.0009992811820403844,-2.999775081952988,1120.0000605583,93.80218061753256,318
202,0.933262587664535,3.294306560672614,2.7472066879,3.8651258945,0.0009981420952054698,-2.999772293667172,1120.0000600815,93.80209326435127,317
203,0.933262899363605,3.2943211018646745,2.7470302582,3.865421772,0.00099856379803999,-2.9997733134867084,1120.0000600815001,93.80212459318157,316
204,0.93326397231281,3.294162757900714,2.7461564541,3.8652908802,0.0009992271121325937,-2.9997767387604815,1120.0000605583,93.80223243515738,315
205,0.933263267482245,3.2940453504690455,2.7458496094,3.8648118973,0.0009990734173194753,-2.9997744681465655,1120.0000605583,93.80216159273503,314
206,0.933262831465954,3.29394154820785,2.7456202507,3.8647062778,0.0009991838991675287,-2.9997730750671723,1120.0000600814,93.80211776879808,313
207,0.933265352879396,3.2939449179719,2.7455666065,3.8649256229,0.0009994276391753223,-2.999781178321856,1120.0000605583,93.80237119571349,312
208,0.933263781747391,3.2939252949097235,2.7457604408,3.8648502827,0.0009991873048133175,-2.999776111555218,1120.0000605583,93.80221328145353,311
209,0.933264106015384,3.293916061879304,2.746073246,3.8647317886,0.0009988022161734247,-2.9997771858228366,1120.0000605583,93.80224587358455,310
210,0.933264105593354,3.29377833378314,2.7451694012,3.8642625809,0.0009991902854171865,-2.9997771671049955,1120.0000600814,93.80224583116637,309
211,0.933262479016642,3.2939115010883135,2.746270895,3.8646149635,0.0009985214357420892,-2.9997719440134705,1120.0000605584,93.80208234416662,308
212,0.933261511455436,3.2940043382206063,2.7468867302,3.8645644188,0.0009979264537207774,-2.999768841594915,1120.0000605583,93.80198509472399,307
213,0.933263212952342,3.2940732603301517,2.7476971149,3.8641049862,0.0009967926887600002,-2.999774303104282,1120.0000600815001,93.80215611194205,306
214,0.933261725427343,3.293995589257806,2.7475137711,3.8639867306,0.0009968508027967948,-2.9997695457925064,1120.0000605583,93.80200660101067,305
215,0.93326256541398,3.2937581237137374,2.7469134331,3.8638663292,0.0009972793175950533,-2.9997722049796613,1120.0000605583,93.80209102795108,304
216,0.933261799144878,3.2938771994378233,2.7481610775,3.8638157845,0.0009961202202470115,-2.999769752944871,1120.0000605583,93.8020140103499,303
217,0.933263036010293,3.293772890777699,2.7476181984,3.8637080193,0.000996508715203805,-2.999773750764317,1120.0000600815001,93.80213832752125,302
218,0.933263531651749,3.2939639387124,2.749322176,3.8640925884,0.0009953306715397023,-2.999775338449331,1120.0000605583,93.80218814437525,301
219,0.934095531102832,3.2935494084616757,2.7438201904,3.8639559746,0.0009992289620981373,-2.9997711083913545,1121.0001177788,93.88581229382463,300
220,0.934096957649803,3.293543921222905,2.7441256046,3.8635070324,0.0009985560305007747,-2.999775679777451,1121.0001177787,93.88595567586286,299
221,0.934095398164747,3.2936320957221032,2.7451934814,3.8634622097,0.0009975643254021512,-2.999773342977451,1120.9991173744002,93.88579893223614,298
222,0.934095574276838,3.2936772754070405,2.7457840443,3.863710165,0.0009972578092731106,-2.9997712360975934,1121.0001168252,93.88581663323798,297
223,0.934095425532736,3.29378393542041,2.7470562458,3.8632903099,0.00099574839230285,-2.999770756285027,1121.0001168252,93.88580168298891,296
224,0.934095373756747,3.29384164674082,2.7479455471,3.8632035255,0.0009948776638934009,-2.9997705750283425,1121.0001177788001,93.88579647899145,295
225,0.93659552844461,3.2925087193378664,2.7439932823,3.8617899418,0.000994481642829934,-2.999773896746667,1123.9992890358,94.13708667995526,294
226,0.937429960587581,3.294207796110213,2.7489283085,3.863014698,0.0009902987077355164,-2.9997747801963586,1125.0003466606,94.22095533892895,293
227,0.937429259878119,3.2942723821358793,2.7497458458,3.8630075455,0.0009895656507808023,-2.999772550580906,1125.0003461837998,94.2208849107181,292
228,0.938262569404668,3.294031871983496,2.7452158928,3.8630497456,0.0009927481749533013,-2.999775219302041,1125.9994034767,94.30464073567089,291
229,0.93826406992912,3.293980551485981,2.7452843189,3.8633136749,0.0009929218009125794,-2.9997799948647734,1125.9994039535,94.30479155317548,290
230,0.93826190653732,3.2940941569863353,2.7462880611,3.8632633686,0.0009919857009259184,-2.999773098708607,1125.9994034767,94.30457411096566,289
231,0.938263441306284,3.294068086431855,2.7462947369,3.8632264137,0.0009919469529240056,-2.999777976028749,1125.9994029999,94.30472837038141,288
232,0.938264187749994,3.2940797845982255,2.7469961643,3.8627915382,0.0009909378019693498,-2.9997803817955635,1125.9994034767,94.30480339533518,287
233,0.938261407317646,3.294007130820053,2.7468476295,3.8630497456,0.0009912990296918015,-2.9997714818215613,1125.9994034767,94.30452393446545,286
234,0.938262218326181,3.293989510693966,2.7467682362,3.862606287,0.0009909757037412908,-2.9997740822126002,1125.9994029998002,94.30460544882084,285
235,0.938262694892611,3.2939312705543924,2.7469220161,3.862913847,0.0009911122758384794,-2.999775588671961,1125.9994029999,94.30465334844665,284
236,0.938262246862555,3.293807320608873,2.7466287613,3.8624136448,0.000990928485445764,-2.9997741636580306,1125.9994034766999,94.30460831700785,283
237,0.93826310501798,3.293677719906832,2.7461483479,3.8623011112,0.0009912551998929424,-2.9997769100200533,1125.9994029999,94.3046945700906,282
238,0.938263793096553,3.293691786391038,2.7464561462,3.862203598,0.0009908952423553284,-2.9997791057169474,1125.9994034767,94.30476372877254,281
239,0.938263215468982,3.293648916742591,2.7467656136,3.8621041775,0.0009905321090368405,-2.999777275793345,1125.9994034767,94.30470567150549,280
240,0.93826403510618,3.2935989890995563,2.7467315197,3.86236763,0.0009907963599761229,-2.999779879360337,1125.9994034767,94.3047880531266,279
241,0.938263155579492,3.293728771523159,2.7478239536,3.8623657227,0.0009898235966261134,-2.999774402500621,1126.0004034042,94.30469965202116,278
242,0.938263459310842,3.2936737076192544,2.7477581501,3.8618972301,0.000989465968779105,-2.9997753843130432,1126.0004034042,94.30473018001703,277
243,0.938264667698052,3.29372079074126,2.7480671406,3.8618550301,0.000989154076375989,-2.99977924830142,1126.0004038811,94.30485163484792,276
244,0.938264078545889,3.2936510876836733,2.7483239174,3.8617472649,0.0009888303273549671,-2.999777359569565,1126.0004034042,94.30479241924573,275
245,0.938264177566469,3.2936103075291037,2.7484600544,3.8616080284,0.0009885857683839688,-2.9997776553184563,1126.0004034042,94.30480237179049,274
246,0.938263322477371,3.293611070384916,2.7486100197,3.861550808,0.0009884017673586552,-2.9997749508417924,1126.0004029274,94.30471642690384,273
247,0.938264303978829,3.293522150831677,2.7484676838,3.8617618084,0.0009887164426220204,-2.9997807547592723,1125.9994034767,94.30481507747926,272
248,0.938263930604171,3.29351560944614,2.7487597466,3.8613538742,0.000988094774911574,-2.999779534107276,1125.9994039535,94.30477754964417,271
249,0.938264638615718,3.2933672555471167,2.7480561733,3.8616259098,0.0009889603353012849,-2.999779112484738,1126.0004034042,94.30484871178658,270
250,0.938264253818293,3.2931383828084297,2.7469859123,3.8614351749,0.0009897414416821894,-2.999777909602573,1126.0004034042001,94.30481003585075,269
251,0.938264623994898,3.292897241774357,2.7457995415,3.8612656593,0.0009906453896474754,-2.9997817427056788,1125.9994034766999,94.30484724224998,268
252,0.938263137879725,3.2926648293556346,2.7449150085,3.8607208729,0.0009909471185817452,-2.9997770043740015,1125.9994034767,94.30469787302003,267
253,0.938263721101667,3.2925284441937888,2.7445218563,3.8609786034,0.0009915242869582043,-2.99977621274827,1126.0004034042001,94.30475649257654,266
254,0.938262471495559,3.292408633253594,2.7440156937,3.8604667187,0.0009915200856703671,-2.999774884415084,1125.9994034767,94.30463089483992,265
255,0.937430211292721,3.2927346739844587,2.749527216,3.8607034683,0.0009877119199103938,-2.9997756140252223,1125.0003466606001,94.22098053726779,264
256,0.937430196033355,3.2927143999361457,2.749673605,3.8602309227,0.0009871617559910342,-2.9997755615157193,1125.0003466606,94.22097900355104,263
257,0.937430333441375,3.2925750135729133,2.7490119934,3.8604843616,0.0009879751339626202,-2.9997759979100356,1125.0003466606,94.22099281441209,262
258,0.93743018477136,3.2925576994314385,2.7490193844,3.8601107597,0.0009876364741300899,-2.99977550794405,1125.0003461837,94.22097787160948,261
259,0.937430097381911,3.2923823387539963,2.7480781078,3.8599975109,0.0009883733771048598,-2.9997779052594136,1124.9993462562,94.22096908810809,260
260,0.937429507191459,3.292071732279929,2.7461152077,3.8598110676,0.0009899524507335795,-2.9997760125186503,1124.9993462562,94.22090976814759,259
261,0.937430620555308,3.2916933751227355,2.7441358566,3.8595831394,0.0009915083907163181,-2.9997769066958258,1125.0003461838,94.22102167219367,258
262,0.93659723521117,3.2918372951076447,2.7487151623,3.8594298363,0.0009881800609005593,-2.999776703305244,1124.0002889633,94.13725822682551,257
263,0.936596916358183,3.291557043076178,2.7472469807,3.859582901,0.000989622450896159,-2.9997756648597336,1124.0002884865,94.13722617895601,256
264,0.936598700035195,3.2913511178751107,2.7461228371,3.859085083,0.0009901796790945682,-2.9997813911437334,1124.0002894401,94.13740545608513,255
265,0.936598053312663,3.2912945615988445,2.7457382679,3.8594167233,0.0009908168764148446,-2.999779326967289,1124.0002889633,94.13734045409312,254
266,0.93659668831909,3.2910700416557335,2.7441461086,3.8589482307,0.0009918174619632637,-2.999777615653689,1123.9992890357998,94.1372032587784,253
267,0.93576507740251,3.2911823224345196,2.7480838299,3.8587584496,0.0009890252715277369,-2.9997830925453735,1122.9992313385,94.05361816087805,252
268,0.935764565295313,3.2908782225065836,2.7463445663,3.8586421013,0.0009904704322279394,-2.9997814486452845,1122.9992322920998,94.05356668905468,251
269,0.93493043675634,3.290918871854497,2.7496392727,3.8584153652,0.000988214713590593,-2.999778866023241,1121.9991741181,93.96972854527674,250
270,0.934930941062478,3.288900568989136,2.7474448681,3.8563477993,0.0009883268794249741,-2.99977782169537,1122.0001745224,93.96977923301671,249
271,0.936598495716702,3.2904743319616,2.746108532,3.8580751419,0.000989293882169556,-2.999780760233511,1124.0002894402,94.13738492006173,248
272,0.9365997082417,3.2908655022512887,2.7463574409,3.8580157757,0.000989019615717438,-2.9997846162581334,1124.0002899170001,94.13750679078113,247
273,0.936599761654927,3.291139131970045,2.746201992,3.8582575321,0.000989373001963979,-2.9997847925808894,1124.0002889633,94.13751215933716,246
274,0.936599827345123,3.291136085298311,2.7452623844,3.8586847782,0.0009905890636619362,-2.999785004509333,1124.0002889634,94.13751876184968,245
275,0.935764768167922,3.291433125203826,2.7492823601,3.8582510948,0.0009875062273260683,-2.999782092206317,1122.9992318153002,94.05358707975248,244
276,0.935766105549198,3.29133953021379,2.7482922077,3.8585631847,0.0009886658383597242,-2.999786380770552,1122.9992318153,94.05372149975906,243
277,0.935765391942956,3.291425517868149,2.747756958,3.8586425781,0.000989212279951399,-2.9997814444033812,1123.0002322197,94.05364977529464,242
278,0.935768192283277,3.2913197648065835,2.7460939884,3.8582925797,0.0009903814441550595,-2.9997904097061387,1123.0002317429,94.05393123711197,241
279,0.935766491461046,3.2914644906104984,2.7462861538,3.8583109379,0.0009902257916260583,-2.999782262959164,1123.0012321472,94.05376028770537,240
280,0.934932289135164,3.2913736125121993,2.748483181,3.8581066132,0.0009889690370790997,-2.9997821223599286,1122.0001745224001,93.96991472761545,239
281,0.934931981108218,3.291087362030365,2.7465591431,3.8580236435,0.0009906108004057105,-2.9997838123089937,1121.9991745948998,93.96988376786982,238
282,0.934932015685731,3.2907531705158504,2.7439374924,3.8578338623,0.0009927773584356117,-2.9997812366216383,1122.0001749992,93.96988724325087,237
283,0.93410035795761,3.290843739015954,2.7471642494,3.8577156067,0.0009906790728091055,-2.9997865711714797,1121.0001177788001,93.886297440329,236
284,0.934099181491088,3.2904402306586453,2.7443373203,3.8579638004,0.0009934222685959112,-2.99978279153672,1121.0001177786999,93.88617919384201,235
285,0.933265850411054,3.290726137204103,2.74883008,3.8578944206,0.0009902359648507988,-2.999782766006512,1120.0000605584,93.80242120255143,234
286,0.93326730681956,3.290797535167351,2.7481751442,3.857571125,0.0009905320725779887,-2.999787470784924,1120.0000600815,93.8025675859684,233
287,0.933266241973929,3.2902828107246207,2.7454636097,3.8573653698,0.0009927693754043993,-2.999784036793131,1120.0000600815,93.8024605584817,232
288,0.932432165827502,3.289452339284018,2.7443699837,3.8568179607,0.000994144748598431,-2.999781599852054,1119.0000033379,93.71862768067129,231
289,0.93159837167981,3.2889584414768542,2.7446293831,3.8564620018,0.0009944836071194387,-2.9997800951891866,1117.9999456406,93.6348231465146,230
290,0.930763074824651,3.2885279702364936,2.7455976009,3.8564748764,0.0009945186982937427,-2.9997737102733453,1116.9998888968998,93.55086757543883,229
291,0.929932682991946,3.288293908936974,2.7475616932,3.8558168411,0.000993059428376171,-2.9997804596046556,1116.0008316039998,93.46740500748967,228
292,0.929099564132472,3.2880750255785847,2.7485570908,3.8556222916,0.0009928837894281513,-2.9997838205746414,1114.9997739792,93.38366834645815,227
293,0.928264692791692,3.287757863059641,2.7496643066,3.8553001881,0.0009924920661294467,-2.999778810424036,1113.9997177123998,93.29975554377359,226
294,0.928265995775035,3.287196650740538,2.7460711002,3.8551037312,0.0009955403209244978,-2.99978028819139,1114.0007166863002,93.29988650644869,225
295,0.9274317842236,3.287138777748833,2.748439312,3.8549005985,0.000994125448775958,-2.9997801023055657,1112.9996600151,93.2160400190997,224
296,0.927431450183206,3.2864652343451524,2.7440950871,3.8550405502,0.0009981534630511307,-2.9997763413290843,1113.0006599427002,93.21600644474603,223
297,0.926597055188228,3.2861973200415093,2.7452328205,3.8547463417,0.0009977643143141846,-2.999775549580503,1111.9996027946,93.13214151951196,222
298,0.925763485186908,3.2861270205568345,2.7477416992,3.8541529179,0.0009958700911332698,-2.9997747358230216,1110.9995455742,93.04835951427606,221
299,0.924930982535961,3.285782842568137,2.7485697269,3.8538680077,0.0009957646759273084,-2.999777397520252,1109.9994883537,92.96468478827812,220
300,0.924930925315402,3.2850538023318636,2.7439177036,3.8539907932,0.001000066307459663,-2.9997771990188116,1109.9994883537,92.96467903704767,219
301,0.924097968720826,3.2849029401406304,2.7459807396,3.8537750244,0.0009989124023516865,-2.9997756818397296,1109.0004310608,92.88095868523854,218
302,0.923265421433243,3.2846785677335437,2.7471609116,3.8531272411,0.0009981642205288705,-2.9997781787064923,1108.0003738403,92.79727947281852,217
303,0.92326333666758,3.284413236451037,2.7446775436,3.8534841537,0.0010007285524964713,-2.999774117422002,1107.9993743897,92.79706993331084,216
304,0.922429983714339,3.28465030791417,2.7485382557,3.8530347347,0.000997738178045382,-2.999771296547382,1107.0003166198999,92.71330974354726,215
305,0.922430889771381,3.2839984960509025,2.7443244457,3.8527929783,0.001001326301319121,-2.9997742533257217,1107.0003166198,92.7134008112149,214
306,0.921597964694853,3.2838531507503164,2.7465627193,3.8529655933,0.0010003649320057344,-2.999778245737037,1105.9992594719001,92.6296836272804,213
307,0.920762900761085,3.2837205799747737,2.7485713959,3.852363348,0.000998906560783522,-2.999769832730289,1105.0002026558,92.54575146710133,212
308,0.91993201865535,3.283186662467873,2.7483763695,3.8524079323,0.001000029363943936,-2.9997804797060637,1103.999145031,92.46223962187791,211
309,0.919099020826809,3.282971145882609,2.7499761581,3.8517618179,0.0009988989770465335,-2.9997788181756344,1103.0000882148,92.37851512564869,210
310,0.919096236625993,3.2824029397708334,2.7461233139,3.8515272141,0.0010021793397940613,-2.9997697096810687,1103.0000882149,92.37823528601076,209
311,0.918263649340756,3.282405624147869,2.748470068,3.8514006138,0.0010008443872771586,-2.9997721172309157,1102.0000309944,92.29455205343208,208
312,0.918264887912295,3.281960873417407,2.7452392578,3.851272583,0.0010036599769245066,-2.99977613878631,1102.0000305175001,92.29467654208571,207
313,0.917431086424716,3.2818551634690563,2.7473936081,3.8510951996,0.0010024537854590857,-2.9997745821565336,1100.9999737739,92.21087127019803,206
314,0.916597972941417,3.281710361156494,2.749368906,3.8512270451,0.0010016883823581132,-2.999772536115713,1100.0009169579,92.12713514952509,205
315,0.915764132375521,3.2786359008893635,2.7499489784,3.8482060432,0.0009993241181513225,-2.999773551983,1098.9998588562999,92.04332594988117,204
316,0.915762750979416,3.2797781994127275,2.7495775223,3.8493316174,0.0010006862928694617,-2.9997690163948185,1098.9998593330001,92.04318710595022,203
317,0.914930350627019,3.279645573778253,2.7495560646,3.8492763042,0.0010015668836748756,-2.9997720035019104,1097.9998016358,91.95952266196538,202
318,0.914097464434447,3.279443082697814,2.7498650551,3.8487014771,0.0010016742734846118,-2.999773445893989,1096.9997444152998,91.87580938625189,201
319,0.91409698812815,3.2786883491412566,2.7438294888,3.8489043713,0.001007361112093061,-2.999771879019217,1096.9997444153,91.87576151277203,200
320,0.912429759101041,3.27875833245958,2.7498307228,3.8486249447,0.001003464465148196,-2.9997671733802918,1095.0006303788,91.7081885544632,199
321,0.912430402374895,3.2780900817291974,2.7452332973,3.8482794762,0.0010073484489906068,-2.999772067705201,1094.9996299744,91.70825320982907,198
322,0.911598572344651,3.277870955531233,2.7465043068,3.8480825424,0.0010069274820162127,-2.9997769429800916,1093.9995732307,91.62464608884471,197
323,0.910764551161817,3.2779556578200184,2.7493231297,3.8475790024,0.0010048081923892695,-2.9997718977107866,1093.0005159378,91.54081873541739,196
324,0.910764547116286,3.27739691233117,2.7448475361,3.8478167057,0.0010091213705437781,-2.9997746035647164,1092.9995160103,91.54081832880163,195
325,0.909930904097552,3.2774024450342174,2.7475407124,3.8472335339,0.0010070452074386787,-2.9997735387774926,1091.9994587899,91.45702898459558,194
326,0.909099074879366,3.2772961461944137,2.7492086887,3.8470704556,0.001006289980838513,-2.9997784290118132,1090.9994015693,91.37342194523107,193
327,0.909101389122389,3.276667879614927,2.7453022003,3.8472242355,0.0010100097330746744,-2.999780603597894,1091.0014023781,91.37365454947638,192
328,0.908264641558074,3.2763911349099906,2.7463188171,3.8465354443,0.0010093736596302296,-2.9997747763918423,1089.9993443489,91.2895531678245,191
329,0.907433226126023,3.2761791058641285,2.747736454,3.8462929726,0.0010087752328228033,-2.999778320592477,1089.0002875328,91.20598771804703,190
330,0.906599886643999,3.276047269831497,2.7496132851,3.8461136818,0.0010078117254875263,-2.999775473189164,1088.001229763,91.1222288822736,189
331,0.906598666815781,3.275386615012948,2.7452704906,3.8462805748,0.001011957583762519,-2.9997742095051425,1088.0002303124,91.12210627750858,188
332,0.905765398787684,3.275424302501011,2.7476038933,3.8457410336,0.0010102455983759613,-2.9997743607003677,1087.0001730919,91.03835462355944,187
333,0.905766520001636,3.275081141247886,2.744658947,3.8456861973,0.0010129043932451775,-2.999778087304595,1087.000172615,91.03846731661827,186
334,0.904931385732817,3.2751747498100277,2.7474091053,3.8455576897,0.0010111873654037689,-2.999774833283441,1085.9991154671,90.95452808707296,185
335,0.904098814252486,3.2751375632185082,2.7497260571,3.845356226,0.0010097973361055087,-2.9997745550342545,1085.0000586509002,90.87084644304319,184
336,0.904099093283409,3.2745747493776243,2.7456989288,3.845553875,0.0010136911398580654,-2.999775443287753,1085.0000586509998,90.87087448840256,183
337,0.903265173373544,3.274495079989954,2.7479903698,3.8449172974,0.001011925208627713,-2.9997734735633177,1084.0000014304999,90.78705731390733,182
338,0.90326754967063,3.2739405216717046,2.7441382408,3.8447418213,0.0010153169548409496,-2.9997813697235025,1084.0000014304999,90.78729615519791,181
339,0.902431266970875,3.273964308064114,2.7469041348,3.844496727,0.0010134742836795524,-2.99977153803607,1082.9999437331999,90.70324149701848,180
340,0.901599048601011,3.273960948760388,2.7492091656,3.8443048,0.0010121032802779739,-2.9997751902131116,1081.9998865128,90.61959534407279,179
341,0.901601027432484,3.273447180059926,2.7455947399,3.8441591263,0.0010153091507767963,-2.9997817585006468,1081.9998869895999,90.61979423614972,178
342,0.90076697982568,3.2733430631062848,2.7475483418,3.8438973427,0.0010141990504606067,-2.9997793444863214,1080.9998297692,90.53596422685285,177
343,0.899932530903159,3.2732404400978723,2.7496621609,3.8440761566,0.0010133465057286853,-2.999775575113691,1079.9997725487,90.45209388136891,176
344,0.899932324187099,3.272680994100463,2.7460563183,3.843495369,0.0010161474840677466,-2.999774880149676,1079.999771595,90.45207310436639,175
345,0.899101496412996,3.2725951053487967,2.7484798431,3.8436748981,0.001015007704904337,-2.9997776461972223,1079.0017156601,90.36856672000778,174
346,0.898265854405061,3.2722879715601483,2.7495439053,3.8429455757,0.0010142875855075283,-2.9997754563219647,1077.9996581077,90.28457645767435,173
347,0.898265296919404,3.271721534756163,2.7462208271,3.8427476883,0.0010171866502488712,-2.999773596039296,1077.9996581076998,90.28452042486828,172
348,0.897432685815889,3.271540325736642,2.7479176521,3.8424434662,0.001016273184051045,-2.9997759477998147,1076.9996013641,90.20083479831776,171
349,0.897433238856855,3.271112456171336,2.7446060181,3.8426747322,0.0010195627864628195,-2.9997778067123373,1076.9996008873,90.20089038438857,170
350,0.896601855501196,3.2713141160193127,2.7479364872,3.8421330452,0.0010169117305302827,-2.999784291618941,1075.9995436668,90.11732815860482,169
351,0.896600980207883,3.2710012333634166,2.745705843,3.8419971466,0.0010188575741215892,-2.9997785717875582,1076.0005435942999,90.1172401829953,168
352,0.895767394661484,3.270921189545446,2.7477049828,3.8418166637,0.001017777847329692,-2.999777665588197,1075.0004863739,90.03345661532566,167
353,0.894933667325488,3.270815992800837,2.7497646809,3.841981411,0.0010169621141113924,-2.9997790800136745,1073.9994292259,89.9496587964033,166
354,0.894934681733155,3.270109692064372,2.7452769279,3.8416950703,0.001020873095241006,-2.9997796943574886,1074.0004291533999,89.94976075437724,165
355,0.894100263627721,3.2699506717918068,2.7466979027,3.840988636,0.0010198418956077768,-2.999776037489944,1073.000371933,89.86589350631445,164
356,0.893267514422772,3.269842184711929,2.7486982346,3.8411352634,0.0010190640933654773,-2.999777913648369,1072.0003147124999,89.78219399920796,163
357,0.892433248496248,3.2696087246954293,2.7497341633,3.8404839039,0.0010184402221046652,-2.9997747411483204,1071.0002579688999,89.69834204662631,162
358,0.892432448497902,3.2688764700706154,2.7443814278,3.8406152725,0.001023560766705125,-2.999772067388899,1071.0002574921,89.6982616389035,161
359,0.891599205929392,3.268724511430159,2.7458870411,3.8399195671,0.0010224601132993246,-2.9997722940064424,1070.0002002715999,89.61451254389392,160
360,0.890765979136335,3.264767056983738,2.7481384277,3.8375220299,0.0010190677791723482,-2.9997726197552335,1069.0001435279999,89.53076503447294,159
361,0.889931861422892,3.2653563386159963,2.7447617054,3.8372721672,0.001022949788389048,-2.999769925848363,1068.0000858307,89.4469279787675,158
362,0.888266805477423,3.265307664873008,2.7466740608,3.8374640942,0.0010232552182697337,-2.9997752409972818,1065.9999713898,89.27957343659293,157
363,0.887433259755162,3.2652683278174486,2.7463679314,3.8374049664,0.0010244480027503183,-2.9997744842035647,1064.9999141693002,89.19579387164188,156
364,0.88660057341753,3.2651710933379343,2.7464191914,3.8369028568,0.001024890800303751,-2.999776630221784,1063.9998574256,89.11210068332072,155
365,0.885767913004636,3.264863063069737,2.7456476688,3.8366744518,0.0010263659342075037,-2.9997788676645674,1062.9998002052,89.02841010069137,154
366,0.884934094033236,3.264551081528598,2.7457289696,3.8364076614,0.001027004666436829,-2.99977714299953,1061.9997429846999,88.94460307150725,153
367,0.884098656791126,3.2642134906226934,2.7453091145,3.8365979195,0.0010285477169801106,-2.999769967828154,1060.9996862412002,88.86063339015848,152
368,0.883267116155477,3.2637865723126294,2.7446095943,3.8358569145,0.001029478964722869,-2.999776016417719,1059.9996285439001,88.77705535618475,151
369,0.882433638266448,3.263373340752076,2.7440741062,3.835586071,0.0010307010449833991,-2.9997754441115094,1058.9995713234,88.69328260914244,150
370,0.880768058074173,3.2634394500125707,2.7499063015,3.8357391357,0.0010272775448716604,-2.999776221403875,1057.0004568099998,88.52587537499411,149
371,0.879935189380092,3.262994155189404,2.7489738464,3.8350131512,0.001028445921736217,-2.9997777526066223,1056.0004000663,88.44216385805154,148
372,0.879102721109877,3.2626624272177085,2.7486662865,3.8347616196,0.0010294739152985235,-2.9997806657442236,1055.0003423691,88.35849258765622,147
373,0.878268806760755,3.2621618716072986,2.7475092411,3.8349382877,0.0010317160838780835,-2.999778616258104,1054.0002851487,88.27467597207048,146
374,0.877435343431437,3.2615842335119547,2.7461047173,3.8346090317,0.0010337170738715362,-2.9997781648567363,1053.0002279282,88.1909046884227,145
375,0.876602698149895,3.2608265874505222,2.7441871166,3.8341910839,0.0010361252760698071,-2.999780433696391,1052.0001707077001,88.10721562664345,144
376,0.874937755596676,3.260635249621123,2.7486746311,3.8337748051,0.0010334286817640715,-2.9997862780454807,1050.0000562668,87.9398724815082,143
377,0.874102111428337,3.259968727657619,2.7465794086,3.8329598904,0.001035634397319051,-2.999778300013429,1048.9999990463,87.85588200203287,142
378,0.872434760287907,3.2596361311780533,2.7498867512,3.8330159187,0.0010345074368512085,-2.99977584058082,1046.9998850823001,87.68829677013106,141
379,0.871601709860585,3.2589202926861507,2.7478187084,3.8321762085,0.0010366708207941195,-2.9997767775889206,1045.9998278618,87.60456698720564,140
380,0.870768023638187,3.258639891560325,2.7474935055,3.8319797516,0.0010377861092107873,-2.9997755013251433,1044.9997706413,87.5207733006053,139
381,0.869935943304327,3.2582705575311004,2.7464697361,3.8318128586,0.0010396009774213725,-2.9997797610077512,1043.9997134209,87.43714102163922,138
382,0.868270056455883,3.2581089160124637,2.749963522,3.8314926624,0.0010379352387455902,-2.999779500988303,1042.0005989074,87.26970296552187,137
383,0.867437200210829,3.257451182364204,2.7476847172,3.8316235542,0.0010412471402208036,-2.9997810885000966,1041.0005416871,87.18599269982928,136
384,0.866603528379834,3.256591809700288,2.7447969913,3.8312199116,0.0010446369372177713,-2.999779864987416,1040.0004839897,87.10220045970686,135
385,0.8649366595887,3.256164969562849,2.74619627,3.8303256035,0.0010444412253310272,-2.99978201749538,1037.9993696212,86.93466370866591,134
386,0.864102674894275,3.255317151891811,2.7441062927,3.8298275471,0.001046982571743984,-2.9997767639508663,1037.0003128051,86.85084002268353,133
387,0.862437094865419,3.2550812174928567,2.7472658157,3.8294701576,0.001045607858927713,-2.9997804664274135,1035.0001988411,86.68343280496042,132
388,0.861603301553761,3.254290071891884,2.7445590496,3.8294386864,0.0010492064682888255,-2.9997788350931396,1034.0001416207,86.5996283548334,131
389,0.859938145432066,3.2539269723363984,2.7471413612,3.82903409,0.001048345640316018,-2.9997839752256534,1032.0000267029002,86.43226374396026,130
390,0.858270335577664,3.2533616004455865,2.7487783432,3.8281276226,0.001047912010526271,-2.9997798832264793,1029.9999127388,86.26463240678075,129
391,0.857437740537311,3.2524384000918447,2.7450201511,3.8277184963,0.0010521851289826806,-2.9997824247595144,1028.9998550415,86.18094839473643,128
392,0.855772051599965,3.2519150364725675,2.7465844154,3.827259779,0.001052263469684312,-2.9997828350005835,1027.0007414817999,86.01353023063609,127
393,0.85410350211197,3.2512566334565305,2.7481181622,3.8267564774,0.0010523304469285647,-2.9997790705614036,1024.9996266365001,85.84582455298671,126
394,0.852437492562487,3.2505673472764647,2.749450922,3.8266448975,0.0010529750114851779,-2.9997783403361327,1023.0005116461999,85.67837416420495,125
395,0.851605777040886,3.249427375437732,2.7446742058,3.8261349201,0.0010581792317308186,-2.999781055534408,1022.0014548301999,85.59477855246843,124
396,0.849939953282496,3.2487292338769835,2.7463195324,3.8251271248,0.001057654149322814,-2.9997869000246817,1020.0003404617,85.42734683752367,123
397,0.848272203732911,3.248200795367812,2.748257637,3.824668169,0.0010573774975506235,-2.9997829684342494,1018.0002264975999,85.25972156157293,122
398,0.847437813681706,3.247316828410314,2.7450180054,3.8242616653,0.0010612040721627147,-2.9997821432670926,1016.9991693497,85.1758571332368,121
399,0.845772334786873,3.2469205546561026,2.747551918,3.8238832951,0.0010604249452767843,-2.999783304498819,1015.0000543594,85.00846008048032,120
400,0.844106266934112,3.246355764495168,2.7486023903,3.8234331608,0.001061037348216005,-2.9997853640249508,1012.9999403953,84.84100383164417,119
401,0.843271451721518,3.2454147440072063,2.7454659939,3.8234755993,0.0010652270057759402,-2.999780046268806,1011.9998831749,84.7570966703958,118
402,0.841606187435915,3.2446890292385757,2.7459862232,3.8223803043,0.001065736957988835,-2.9997849471497524,1009.999768734,84.58972118798326,117
403,0.839940428449905,3.2438571290033695,2.7464859486,3.8218259811,0.0010668048954109732,-2.9997851371288404,1008.0006542205999,84.42229598330142,116
404,0.838272572320798,3.2429395337562066,2.7461836338,3.8217120171,0.0010691141906167031,-2.9997837777881826,1005.9995393753,84.25465999505772,115
405,0.842439256016218,3.2394463238507907,2.7452309132,3.8207423687,0.0010638097330801903,-2.9997840523707513,1010.9998264313,84.6734527954623,114
406,0.840773036571409,3.240173410189208,2.7453944683,3.8207445145,0.001065758526410988,-2.9997855538176235,1008.9997119904001,84.50598131013041,113
407,0.838272704801006,3.2398300743854027,2.7485146523,3.8197751045,0.0010648706534835371,-2.9997812595949354,1006.0005397796999,84.25467331062505,112
408,0.836605198406584,3.2391458278876617,2.7486486435,3.8193054199,0.0010663918218492933,-2.999781136015821,1003.9994254113,84.08707247416605,111
409,0.834940193452176,3.2382550394077767,2.7479152679,3.8187434673,0.0010686904856654898,-2.9997840186751747,1002.0003113747,83.91972305709595,110
410,0.83327299606343,3.2377590830633367,2.7497816086,3.8183248043,0.0010685440542437322,-2.9997850047966037,999.9991965294,83.75215327875458,109
411,0.832439161562393,3.2366479318162003,2.7447810173,3.8179273605,0.0010742214892621377,-2.9997831826196,998.9991393089,83.6683446886888,108
412,0.830773097301849,3.2360062455847696,2.7452616692,3.8175024986,0.0010754672033175326,-2.999782224216233,997.0000257492001,83.50088880090588,107
413,0.829105506934753,3.2353630293331324,2.7462365627,3.8170804977,0.0010762251567491287,-2.9997788026128513,994.9999108315,83.33327952436507,106
414,0.827438694709851,3.2344312866930585,2.7462952137,3.8164458275,0.0010776946955840137,-2.9997782045199197,992.9997968674,83.16574845878823,105
415,0.825773759706208,3.233457079577117,2.7464401722,3.8159649372,0.001079238252524882,-2.9997843753905244,990.9996819495999,82.99840607245984,104
416,0.824108462595705,3.232335109421616,2.7449476719,3.8159122467,0.001082874496486754,-2.9997832018911113,989.0015678406,82.83102729082115,103
417,0.82160555986143,3.231618381923303,2.7490003109,3.8148088455,0.0010809423809880912,-2.9997785581754814,985.9993958473,82.57946088409356,102
418,0.819939286646958,3.2302989533718782,2.7466173172,3.8142108917,0.0010849536114059103,-2.999779861470152,983.9992818832,82.41198399438031,101
419,0.818274383478202,3.2290828308023394,2.745172739,3.8141875267,0.0010886095779017555,-2.999783196501933,982.0001673698999,82.24464480777198,100
420,0.81577472022296,3.2280986189833674,2.7475283146,3.8135626316,0.0010889012478785787,-2.9997842878710204,978.9999957084001,81.99340400063276,99
421,0.813274376430001,3.2270287850009214,2.7495100498,3.8129463196,0.0010895865384384336,-2.999782920981781,975.9998240471,81.74209479274197,98
422,0.811608592969335,3.2252942192875897,2.7449798584,3.8117978573,0.0010952948883255944,-2.9997829586427693,974.0007100105,81.57466712811583,97
423,0.809107676226854,3.22403895560607,2.7460813522,3.8115875721,0.0010973292759286284,-2.999782562255041,970.9995379448,81.32330033314805,96
424,0.80660831654873,3.2227408356959755,2.7467260361,3.810382843,0.0010988185996906425,-2.9997816572991742,968.0003662109999,81.07209003850285,95
425,0.8041085178779,3.221260059200725,2.7465364933,3.8097178936,0.0011017421616130708,-2.9997822954538305,965.0001945495001,80.82083562076167,94
426,0.801608887437318,3.219827552203635,2.7466154099,3.8090090752,0.0011043592931634133,-2.9997835023129804,962.0000228882001,80.56959811181935,93
427,0.799108340617096,3.2183951790141667,2.7469654083,3.8083119392,0.0011067223102717621,-2.9997813398640627,958.9998512267999,80.31826849768652,92
428,0.796611249261702,3.2169670951545455,2.7466990948,3.8076562881,0.0011097870697471845,-2.999789002546395,956.0006799698,80.06728619184436,91
429,0.794110411666092,3.2154701840696016,2.7465138435,3.8069043159,0.001112686155594586,-2.999785725926206,953.0005087853,79.8159273519176,90
430,0.791609382455005,3.214645274930915,2.748978138,3.8069782257,0.0011136850798468213,-2.999784816075184,949.9993371964,79.5645492527458,89
431,0.789955271142092,3.2132850522360377,2.7466933727,3.8064596653,0.001117878982171905,-2.999781791228135,948.0152230261999,79.39829475407169,88
432,0.787444366181204,3.2122991140492605,2.7485969067,3.8054318428,0.001118343787344244,-2.99978769984778,945.0000510216,79.14592404465694,87
433,0.784942986639009,3.2109958966249206,2.7499175072,3.8046946526,0.0011197211045466345,-2.9997822985536584,941.9998793602,78.89451073375407,86
434,0.783275719758642,3.209304775367588,2.7462871075,3.8040935993,0.0011253263371055007,-2.9997798986058446,939.9997644424001,78.72693397081952,85
435,0.780776762183361,3.207953296236247,2.7469265461,3.803904295,0.001128045045595956,-2.999783760194563,936.9995932579,78.47576409147531,84
436,0.77827806344251,3.206475760464492,2.7476415634,3.8031356335,0.001130078793582154,-2.999785433477754,934.0004220009,78.22462022754377,83
437,0.775775899697957,3.2047532497548286,2.7459263802,3.8018767834,0.0011342106544170484,-2.9997769233491414,931.0002503395,77.97312809657065,82
438,0.773277835910867,3.203056900827879,2.7457475662,3.8016145229,0.0011377875723933572,-2.9997842601870834,928.0000786781001,77.72204805175356,81
439,0.769944962537365,3.2018684181005406,2.7497668266,3.8003430367,0.0011369874257812053,-2.999785885939676,923.9998493195001,77.3870614111749,80
440,0.767443903336907,3.200121508242625,2.748666048,3.7996265888,0.0011411084778316983,-2.9997816124584595,920.9996781349,77.1356802977756,79
441,0.764945049760607,3.198295400245158,2.7476768494,3.7987980843,0.0011450128540241682,-2.999785923725571,917.9995064735,76.88452087135454,78
442,0.762445567409532,3.1964390983213975,2.7464973927,3.7986149788,0.0011498548640980076,-2.999784541444323,915.0003352165,76.63329824686804,77
443,0.759112545618603,3.1950809158244518,2.7496886253,3.7973415852,0.0011500031148350862,-2.999785606275,911.0001063347,76.29829668887436,76
444,0.75661151541364,3.1931866529357538,2.7481348515,3.7966051102,0.001154703011159622,-2.999781376193839,907.9999346733,76.04691848980825,75
445,0.754111195832904,3.1912229250599338,2.746629715,3.7963833809,0.0011599491058498727,-2.9997799480714127,904.9997630119,75.79561171548463,74
446,0.750779315940832,3.1895945037822617,2.748418808,3.7951431274,0.00116173551494597,-2.9997822035702884,901.0005340576,75.4607249295867,73
447,0.748278902085845,3.1876795732139045,2.7467875481,3.7943861485,0.0011665903976345688,-2.9997803942111236,898.0003628730001,75.2094086797712,72
448,0.744945627309233,3.1861825311658096,2.7494695187,3.7936396599,0.0011679753750094733,-2.9997804412631286,894.0001335144,74.8743816942216,71
449,0.742447503730571,3.1844606912727578,2.7490456104,3.7929935455,0.0011716574721256194,-2.999784473346188,891.0009622574,74.6232956397619,70
450,0.757444788657038,3.1838704570314285,2.7464356422,3.7945411205,0.0011530313395453275,-2.9997811723540657,908.9999918938,76.13067066794656,69
451,0.755778774031089,3.185139943062445,2.7480762005,3.7942163944,0.0011534072053436693,-2.999783672687445,906.9998774529,75.96321976892989,68
452,0.754111719432392,3.1840350038445915,2.7466526031,3.7938036919,0.0011570733292957016,-2.999782002787748,904.9997630119001,75.79566434239655,67
453,0.752445549254332,3.183102034626659,2.7471420765,3.7939195633,0.0011592211899157968,-2.9997805596983405,903.0006489753999,75.6281978088588,66
454,0.750778011094484,3.182064491207539,2.7468364239,3.7929484844,0.0011610572706414277,-2.999780329526053,900.999534607,75.46059377966122,65
455,0.748279761890245,3.1812380683549497,2.7494692802,3.7924816608,0.0011614832507004147,-2.9997838301974413,898.0003628730999,75.20949509859221,64
456,0.746610863517726,3.180106657137458,2.7493276596,3.7920060158,0.0011637044985697113,-2.9997781181540693,895.9992485047001,75.0417543546077,63
457,0.744944459734616,3.178568267821899,2.7471189499,3.7915000916,0.0011682126994382357,-2.9997790808125133,893.9991340637,74.87426434145877,62
458,0.742445386499216,3.177423307713229,2.7486720085,3.7910199165,0.0011698630214016352,-2.9997792850701797,890.9999623299,74.62308283713203,61
459,0.739945512434968,3.1761683253786277,2.749351263,3.7905364037,0.001172506065475736,-2.9997796143410573,887.9997906684999,74.37182084160884,60
460,0.737446537737063,3.1747057580515805,2.7496278286,3.7899315357,0.0011754849208490497,-2.9997836547834082,884.9996190071,74.12064924127208,59
461,0.734946396101561,3.173180683823669,2.7493093014,3.7894303799,0.001179275000543652,-2.999779491705549,882.0004477501,73.86936035219925,58
462,0.732448142647646,3.171481818501591,2.748673439,3.7888615131,0.001183374930710373,-2.999783064832614,879.0012760162,73.6182612439959,57
463,0.729946832117088,3.1698297277145957,2.747795105,3.7888855934,0.00118845931996836,-2.9997809520459517,876.0001044274,73.3668548694431,56
464,0.727447585857478,3.1683725110445082,2.7483985424,3.7883219719,0.001191206769939935,-2.9997839052012587,872.9999322892,73.11565597447701,55
465,0.724947422266707,3.1672133613807114,2.7497637272,3.7873737812,0.0011926541905554243,-2.9997795868133177,870.0007615089,72.86436487868315,54
466,0.72328092464608,3.165803815470656,2.7476556301,3.7876794338,0.0011981845933895288,-2.999783661614384,867.9996466637,72.69686543393837,53
467,0.720779869810627,3.164499988181293,2.7480828762,3.7867534161,0.001200775918765394,-2.9997791214281753,864.9994754790999,72.44548475926513,52
468,0.718280415168575,3.1628057390346465,2.7474386692,3.7861659527,0.001205019625181437,-2.9997777226083433,862.0003042221,72.19426491980869,51
469,0.714949152989431,3.1615052051133876,2.7499842644,3.7862021923,0.0012077130973034624,-2.9997861723967403,858.0000748635,71.8594402201515,50
470,0.712447838038371,3.1592669247474294,2.747210741,3.7848761082,0.0012136438417290022,-2.999780478320561,854.9999032019999,71.60803340129466,49
471,0.709115349315242,3.157954211249061,2.7495684624,3.7843346596,0.0012159390845182824,-2.9997767864808687,851.0016746521001,71.27308542187163,48
472,0.706615102746436,3.156287746799293,2.7491092682,3.7838788033,0.001220247809624203,-2.999782650714959,847.999502182,71.02178598596697,47
473,0.704114609325337,3.1546036455926716,2.7472934723,3.7834353447,0.0012262029183836044,-2.9997768449997637,845.0003314017999,70.77046173897259,46
474,0.701614404295341,3.1531625450163703,2.7482922077,3.7835290432,0.0012294971960803162,-2.999775773123013,842.0001597404,70.51916647812797,45
475,0.69911458896497,3.1516169868760713,2.7479279041,3.7831020355,0.0012338190060884777,-2.999776360250238,838.9999880791,70.26791038593862,44
476,0.696614848386395,3.150390021119355,2.7488658428,3.782127142,0.0012359587632778425,-2.9997772897001194,835.9998164176,70.0166618070419,43
477,0.694116149385686,3.1489450931541962,2.7486717701,3.7817270756,0.001240162960456277,-2.999782735494604,832.9996447563,69.76551791699207,42
478,0.691614601070504,3.1473745599703973,2.7476561069,3.7813234329,0.001245383111082636,-2.9997758512457278,829.999473095,69.51408764273968,41
479,0.689114972704185,3.1458944347175124,2.7473883629,3.781478405,0.0012504122309549867,-2.9997772727036236,826.9993019104,69.26285034228127,40
480,0.686615141431164,3.1443211760666667,2.7469689846,3.780411005,0.001254177011086925,-2.9997741878374544,824.0001301765001,69.01159264769838,39
481,0.683282466691568,3.143144210567113,2.7492525578,3.7798962593,0.001256881181427623,-2.999773171294032,820.0009012223,68.67662597178604,38
482,0.680784722651312,3.1417153732709044,2.7491652966,3.779381752,0.0012609737268563532,-2.999782895398533,817.0007300376999,68.4255780646789,37
483,0.678282931186126,3.1403079869546016,2.7491776943,3.7788491249,0.0012649533043549207,-2.9997785035815947,813.9995579719,68.17412335145335,36
484,0.675784341321053,3.1390447320013553,2.7496387959,3.778400898,0.0012685100019089453,-2.9997808704221676,811.000386715,67.92299043061115,35
485,0.674116647315534,3.137445535481235,2.7469773293,3.7785933018,0.001275173826085688,-2.999776180288642,809.000272274,67.7553707373868,34
486,0.671617392740902,3.1364278400416357,2.74781847,3.7777001858,0.0012777687186605051,-2.999779301210285,806.0001006126,67.50417100667902,33
487,0.66911695969796,3.135487176885075,2.7492980957,3.7779836655,0.0012810531260353088,-2.9997771960575874,802.9999294281,67.2528528282848,32
488,0.66745149305023,3.13384280924202,2.7470562458,3.7768952847,0.0012856903759950224,-2.9997787011819206,801.0008149147001,67.08545700648294,31
489,0.664952381801566,3.132416744853066,2.7472133636,3.7763702869,0.001289669290370894,-2.9997825553923656,798.0006432533,66.83427168144831,30
490,0.661616923592959,3.131554291384025,2.7499206066,3.7758889198,0.0012921524808913944,-2.999776439846541,793.9994144439,66.4990252394517,29
491,0.659118344401175,3.129873464504798,2.749014616,3.7752864361,0.0012974355312254011,-2.9997789516589646,791.0002427101,66.2478933913803,28
492,0.657451965338693,3.128201372413798,2.7471671104,3.7747585773,0.0013023970847182488,-2.999780140646709,789.0001282691,66.08040586289825,27
493,0.65495355239541,3.127089514666963,2.748237133,3.7749378681,0.001306235104046329,-2.999787192484498,785.9999566078001,65.82929072444063,26
494,0.652452129349251,3.1259107212628825,2.748852253,3.773866415,0.001309084463006095,-2.9997766519674745,783.0007848739,65.57787304096038,25
495,0.672449981949475,3.1296012138987623,2.7488985062,3.7759389877,0.001272664535346474,-2.9997760798074253,807.0001583099,67.58785443257193,24
496,0.673284390435579,3.131565665136712,2.7493033409,3.7744157314,0.0012687031166656831,-2.9997809331113725,808.0002145766999,67.67172071379719,23
497,0.67161590213948,3.1308102312287485,2.7488474846,3.7749698162,0.001273104470855644,-2.999772680442255,806.0001006126,67.50402118653679,22
498,0.669948967464643,3.130346308583478,2.7490417957,3.7743558884,0.0012752663071428012,-2.999771311269192,803.9999856948999,67.33647781353399,21
499,0.668282553113973,3.129807148598506,2.749651432,3.7743356228,0.0012776612893708262,-2.999772338464882,801.9998722076,67.16898673824106,20
500,0.66744962578352,3.128810308224189,2.7470302582,3.7742750645,0.0012824532386789842,-2.9997740888827935,800.9998145103,67.08526932776486,19
501,0.665782625325783,3.128127085269125,2.7474708557,3.7741422653,0.0012849459269177286,-2.9997724387029994,798.9996995926,66.91771934293192,18
502,0.66411621092637,3.1277939478546366,2.7481665611,3.7747809887,0.0012880990724432248,-2.9997734177971176,796.9995861054,66.75022826273982,17
503,0.663283250053187,3.127337479382058,2.7470831871,3.7749204636,0.0012912536249307532,-2.999775065383438,795.9995284080001,66.6665074808885,16
504,0.660784010167199,3.1268423807709067,2.7499833107,3.7739453316,0.0012912503905783503,-2.9997745139759444,793.000357151,66.41530922653428,15
505,0.659950261448215,3.126100202527869,2.7483856678,3.7739727497,0.001294932693825997,-2.9997725513809583,792.0002999305,66.33150925841075,14
506,0.658285627876956,3.125331655314665,2.7485308647,3.7744066715,0.0012985750213008525,-2.999777837891024,790.001185894,66.16419716900946,13
507,0.656615461293634,3.1245588869482894,2.7486054897,3.7735462189,0.0013006860872943457,-2.999765566244107,788.0000710487,65.99632895733302,12
508,0.654951125828485,3.1235699178007628,2.7485327721,3.7732264996,0.0013036816599124818,-2.9997760776933924,785.999956131,65.8290468305355,11
509,0.653283474185957,3.122766972802548,2.748124361,3.7730386257,0.0013072888661141,-2.9997714577229297,783.9998421669001,65.6614313952095,10
510,0.651616526402953,3.1216954545513405,2.7475636005,3.7726330757,0.001310830987346798,-2.999769997930268,781.9997277260001,65.49388670470665,9
511,0.649118603604395,3.1211380830184616,2.7499873638,3.7723414898,0.001312392035551369,-2.999775516069744,779.000556469,65.24282083062737,8
512,0.64745060028989,3.1201309958606687,2.7497038841,3.7719228268,0.0013155963464214241,-2.9997691798634962,777.0004420281,65.07517004879973,7
513,0.645785325360262,3.119114989472294,2.7489004135,3.7716572285,0.0013196873577795175,-2.999779347294201,774.9993276596,64.90779349655772,6
514,0.644115899416545,3.117857004628295,2.7479317188,3.7718775272,0.0013246401689548698,-2.999766386447545,772.9992132187,64.73999972646527,5
515,0.641618467579713,3.1170684685195855,2.7498903275,3.7707557678,0.0013257992016876428,-2.9997742646081713,770.0000414848,64.48898319888097,4
516,0.639951385600161,3.115689323844343,2.7483105659,3.7709136009,0.0013315144949766992,-2.9997721570985694,767.9999270439,64.32142502030169,3
517,0.637451003435184,3.1148795957035245,2.7498986721,3.7704916,0.0013341088282487101,-2.999770153908355,764.9997558593001,64.0701119556447,2
518,0.635784127602247,3.113477967796335,2.7483608723,3.769356966,0.0013381344353452286,-2.999769009219764,762.9996409416,63.90257449683311,1
519,0.633285474120158,3.1125564067655715,2.7495720387,3.7695441246,0.0013420677046729825,-2.999771203692116,760.0004696845999,63.65143518185346,0
