Time (s),Current (A),Voltage(V)
0.4240241051,-2.9996044636,3.8531272411
1.4240813255,-2.9996318817,3.8257491589
2.424138546,-2.999628067,3.8120889664
3.4241957664,-2.9996414185,3.8018820286
4.4242525101,-2.9996500015,3.7933900356
5.4243097305,-2.9996862411,3.7859766483
6.424366951,-2.9996881485,3.7793049812
7.4244241714,-2.9996945858,3.7731494904
8.4244813919,-2.9997012615,3.7674515247
9.4245386124,-2.9997048378,3.762062788
10.4245958328,-2.999714613,3.7570073605
11.4246530533,-2.9997191429,3.7521791458
12.4247102737,-2.9997167587,3.7475717068
13.4247674942,-2.9997200966,3.7431745529
14.4248247147,-2.9997260571,3.7389423847
15.4238820076,-2.9997236729,3.7348568439
16.4239392281,-2.9997215271,3.7309341431
17.4239964485,-2.9997220039,3.7271473408
18.424053669,-2.9997289181,3.7234506607
19.4241108894,-2.9997048378,3.7199046612
20.4241681099,-2.9997153282,3.7164616585
21.4242253304,-2.999724865,3.7131111622
22.4242825508,-2.9997475147,3.7098574638
23.4243397713,-2.9997324944,3.7066864967
24.4243965149,-2.9997270107,3.7036290169
25.4244537354,-2.9997184277,3.7006132603
26.4245109558,-2.9997169971,3.6976943016
27.4245681763,-2.9997138977,3.6948518753
28.4246253967,-2.9997155666,3.6920614243
29.4246826172,-2.9997143745,3.6893424988
30.4247398376,-2.999724865,3.6866734028
31.4247970581,-2.9997165203,3.6840689182
32.4248542786,-2.999714613,3.6815135479
33.4239115715,-2.9997370243,3.6790013313
34.423968792,-2.9997253418,3.6765387058
35.4240260124,-2.9997117519,3.6741364002
36.4240832329,-2.9997210503,3.6717402935
37.4241404533,-2.999710083,3.6694293022
38.4241976738,-2.9997153282,3.6671283245
39.4242548943,-2.9997251034,3.6648797989
40.4243121147,-2.999707222,3.6626799107
41.4243693352,-2.9997215271,3.6604912281
42.4244265556,-2.9997241497,3.6583299637
43.4244837761,-2.9997398853,3.6562097073
44.4245405197,-2.9997124672,3.6541392803
45.4245977402,-2.9997153282,3.6520590782
46.4246549606,-2.9997136593,3.6500136852
47.4247121811,-2.9997096062,3.6479980946
48.4247694016,-2.9997167587,3.6459903717
49.424826622,-2.9997055531,3.6440262794
50.4238839149,-2.9997215271,3.6420898438
51.4239411354,-2.9997117519,3.6401641369
52.4239983559,-2.9997115135,3.6382756233
53.4240555763,-2.9997057915,3.6363844872
54.4241127968,-2.9996967316,3.6345307827
55.4241700172,-2.9997112751,3.6326889992
56.4242272377,-2.9997112751,3.6308853626
57.4242844582,-2.9997253418,3.6290726662
58.4243416786,-2.9997141361,3.6273064613
59.4243988991,-2.9996960163,3.6255495548
60.4244561195,-2.9997150898,3.6237990856
61.42451334,-2.9997158051,3.6220743656
62.4245705605,-2.9997205734,3.6203613281
63.4246277809,-2.9997293949,3.6186556816
64.4246845245,-2.9997236729,3.6169950962
65.424741745,-2.9997372627,3.6153404713
66.4247989655,-2.9997341633,3.6137092113
67.4248561859,-2.9997560978,3.6120762825
68.4239134789,-2.99974823,3.6104512215
69.4239702225,-2.9997317791,3.6088798046
70.4240279198,-2.9997270107,3.6073153019
71.4240846634,-2.9997329712,3.605764389
72.4241423607,-2.9997386932,3.6042251587
73.4241991043,-2.9997415543,3.6027026176
74.4242568016,-2.9997296333,3.6012024879
75.4243135452,-2.9997403622,3.5997135639
76.4243712425,-2.9997186661,3.5982460976
77.4244279861,-2.9997410774,3.5967731476
78.4244856834,-2.9997124672,3.5953261852
79.4245424271,-2.9997253418,3.5939087868
80.4246001244,-2.9997103214,3.5924971104
81.424656868,-2.9997172356,3.5910954475
82.4247145653,-2.9997246265,3.5897262096
83.4247713089,-2.9997344017,3.5883691311
84.4248285294,-2.9997296333,3.5870110989
85.4238853455,-2.9997253418,3.5856733322
86.4239425659,-2.9997131824,3.5843677521
87.4239997864,-2.999712944,3.5830471516
88.4240570068,-2.9997091293,3.5817406178
89.4241142273,-2.9997360706,3.5804522038
90.4241714478,-2.9997222424,3.5791993141
91.4242286682,-2.9997296333,3.577943325
92.4242858887,-2.9997332096,3.5766880512
93.4243431091,-2.9997386932,3.5754694939
94.4244003296,-2.9997260571,3.5742352009
95.42445755,-2.9997265339,3.5730311871
96.4245147705,-2.9997167587,3.5718269348
97.424571991,-2.9997179508,3.5706329346
98.4246292114,-2.9997215271,3.5694382191
99.4246864319,-2.9997208118,3.5682768822
100.4247436523,-2.9997141361,3.5671267509
101.4248008728,-2.9997191429,3.5659580231
102.4248580933,-2.9997267723,3.5648338795
103.4239149094,-2.9997398853,3.563703537
104.4239721298,-2.9997236729,3.5625734329
105.4240293503,-2.9997138977,3.56148386
106.4240865707,-2.9997208118,3.5603458881
107.4241437912,-2.9997270107,3.5592544079
108.4242010117,-2.9997274876,3.5581669807
109.4242582321,-2.9997286797,3.5570821762
110.4243154526,-2.9997241497,3.555993557
111.424372673,-2.9997155666,3.5549414158
112.4244298935,-2.999724865,3.5538568497
113.424487114,-2.9997329712,3.5528059006
114.4245443344,-2.9997382164,3.5517423153
115.4246015549,-2.9997246265,3.5507028103
116.4246587753,-2.999733448,3.5496509075
117.4247159958,-2.9997262955,3.5486199856
118.4247732162,-2.9997332096,3.5475928783
119.4248304367,-2.9997437,3.5465657711
120.4238877296,-2.9997425079,3.5455591679
121.4239449501,-2.9997251034,3.5445578098
122.4240021706,-2.9997372627,3.5435471535
123.4240589142,-2.9997382164,3.5425288677
124.4241161346,-2.9997253418,3.5415399075
125.4241733551,-2.9997329712,3.540558815
126.4242305756,-2.9997467995,3.539573431
127.424287796,-2.9997496605,3.5385937691
128.4243450165,-2.9997467995,3.5375988483
129.4244022369,-2.9997420311,3.5366311073
130.4244594574,-2.9997529984,3.5356571674
131.4245166779,-2.9997458458,3.5346796513
132.4245738983,-2.9997332096,3.5337314606
133.4246311188,-2.9997341633,3.5327765942
134.4246883392,-2.9997246265,3.5318179131
135.4247455597,-2.999727726,3.5308525562
136.4248027802,-2.9997522831,3.5299017429
137.4248600006,-2.9997303486,3.5289707184
138.4239172935,-2.9997293949,3.528014183
139.423974514,-2.9997289181,3.5270967484
140.4240317345,-2.9997186661,3.5261554718
141.4240889549,-2.9997253418,3.5252223015
142.4241461754,-2.9997289181,3.5243062973
143.424202919,-2.9997301102,3.5233633518
144.4242601395,-2.9997467995,3.522449255
145.4243173599,-2.9997420311,3.5215480328
146.4243745804,-2.9997377396,3.5206332207
147.4244318008,-2.9997143745,3.5197310448
148.4244890213,-2.9997282028,3.5188107491
149.4245462418,-2.9997310638,3.5178875923
150.4246034622,-2.9997317791,3.5169746876
151.4246606827,-2.9997413158,3.5160832405
152.4247179031,-2.9997415543,3.5151822567
153.4247751236,-2.999745369,3.5142998695
154.4248323441,-2.9997444153,3.5134036541
155.423889637,-2.9997370243,3.5125117302
156.4239468575,-2.999727726,3.5116267204
157.4240040779,-2.9997420311,3.5107402802
158.4240612984,-2.9997322559,3.5098619461
159.4241185188,-2.9997406006,3.5089895725
160.4241757393,-2.9997563362,3.5081396103
161.4242329597,-2.9997377396,3.5072424412
162.4242901802,-2.9997303486,3.506370306
163.4243469238,-2.9997427464,3.5055088997
164.4244041443,-2.9997372627,3.5046410561
165.4244613647,-2.9997446537,3.5037639141
166.4245185852,-2.9997498989,3.5029156208
167.4245758057,-2.9997618198,3.5020711422
168.4246330261,-2.9997496605,3.5012059212
169.4246902466,-2.9997560978,3.5003442764
170.424747467,-2.9997496605,3.4995026588
171.4248046875,-2.9997479916,3.4986591339
172.424861908,-2.9997260571,3.4977889061
173.4239192009,-2.9997546673,3.4969398975
174.4239764214,-2.999745369,3.4961082935
175.4240336418,-2.9997496605,3.4952757359
176.4240908623,-2.9997465611,3.4944348335
177.4241480827,-2.9997472763,3.4936008453
178.4242053032,-2.999755621,3.4927651882
179.4242625237,-2.9997427464,3.4919326305
180.4243197441,-2.9997487068,3.4911015034
181.4243769646,-2.9997386932,3.4902749062
182.4244337082,-2.9997484684,3.489428997
183.4244909286,-2.9997501373,3.4886286259
184.4245481491,-2.9997525215,3.4878022671
185.4246053696,-2.9997551441,3.4869921207
186.42466259,-2.9997622967,3.486166954
187.4247198105,-2.9997618198,3.485367775
188.4247770309,-2.9997491837,3.4845633507
189.4248342514,-2.9997515678,3.4837400913
190.4238910675,-2.9997484684,3.4829492569
191.4239487648,-2.9997615814,3.4821443558
192.4240055084,-2.9997611046,3.4813446999
193.4240632057,-2.9997570515,3.4805309772
194.4241199493,-2.9997680187,3.4797348976
195.4241776466,-2.9997756481,3.4789335728
196.4242343903,-2.9997611046,3.4781453609
197.4242920876,-2.9997637272,3.4773569107
198.4243488312,-2.9997699261,3.4765379429
199.4244065285,-2.9997589588,3.4757635593
200.4244632721,-2.999771595,3.4749853611
201.4245209694,-2.9997603893,3.4741973877
202.424577713,-2.9997575283,3.4734158516
203.4246349335,-2.9997596741,3.472618103
204.4246921539,-2.9997355938,3.4718418121
205.4247493744,-2.9997718334,3.4710764885
206.424806118,-2.999768734,3.4702894688
207.4248638153,-2.9997546673,3.4695253372
208.4239206314,-2.9997575283,3.4687609673
209.4239778519,-2.9997622967,3.4679710865
210.4240350723,-2.9997625351,3.4671959877
211.4240922928,-2.9997730255,3.4664337635
212.4241495132,-2.9997746944,3.465678215
213.4242067337,-2.9997699261,3.4649105072
214.4242639542,-2.9997701645,3.464155674
215.4243211746,-2.9997673035,3.4633774757
216.4243783951,-2.9997825623,3.4626162052
217.4244356155,-2.9997661114,3.4618711472
218.424492836,-2.9997615814,3.4611127377
219.4245500565,-2.9997649193,3.4603834152
220.4246072769,-2.9997725487,3.4596133232
221.4246644974,-2.9997849464,3.4588532448
222.4247217178,-2.9997758865,3.4581093788
223.4247789383,-2.9997754097,3.457349062
224.4248361588,-2.999786377,3.4565985203
225.4238929749,-2.9997603893,3.4558694363
226.4239501953,-2.9997868538,3.4551341534
227.4240074158,-2.999777317,3.4543831348
228.4240646362,-2.9997878075,3.4536485672
229.4241218567,-2.999765873,3.452922821
230.4241790771,-2.999768734,3.4522027969
231.4242362976,-2.9997565746,3.4514458179
232.4242935181,-2.9997646809,3.4507131577
233.4243507385,-2.9997680187,3.449981451
234.424407959,-2.9997634888,3.4492590427
235.4244651794,-2.9997735023,3.4485430717
236.4245223999,-2.9997608662,3.4478232861
237.4245796204,-2.9997525215,3.4470975399
238.4246368408,-2.9997689724,3.4463799
239.4246940613,-2.9997541904,3.4456460476
240.4247512817,-2.9997684956,3.4449381828
241.4248085022,-2.9997684956,3.4442331791
242.4248657227,-2.9997806549,3.4435155392
243.4239225388,-2.9997854233,3.4428055286
244.4239797592,-2.9997718334,3.4420952797
245.4240369797,-2.9997620583,3.4413824081
246.4240942001,-2.999771595,3.4406816959
247.4241514206,-2.9997713566,3.4399833679
248.4242086411,-2.999777317,3.4392781258
249.4242658615,-2.9997673035,3.4385888577
250.424323082,-2.9997625351,3.4378800392
251.4243803024,-2.9997549057,3.4371912479
252.4244375229,-2.9997725487,3.4364647865
253.4244947433,-2.999756813,3.4357807636
254.4245519638,-2.999767065,3.4350860119
255.4246091843,-2.9997720718,3.43440485
256.4246664047,-2.9997909069,3.4337062836
257.4247236252,-2.9997601509,3.433031559
258.4247808456,-2.9997577667,3.4323310852
259.4248380661,-2.9997589588,3.4316430092
260.423895359,-2.9997661114,3.4309747219
261.4239525795,-2.9997730255,3.4302914143
262.4240093231,-2.9997689724,3.4296035767
263.4240665436,-2.9997820854,3.4289286137
264.424123764,-2.9997699261,3.4282388687
265.4241809845,-2.9997649193,3.4275717735
266.424238205,-2.9997656345,3.4268951416
267.4242954254,-2.9997508526,3.4262237549
268.4243526459,-2.9997756481,3.4255516529
269.4244098663,-2.9997770786,3.4248929024
270.4244670868,-2.9997894764,3.4242401123
271.4245243073,-2.9997835159,3.4235606194
272.4245815277,-2.9997828007,3.422896862
273.4246387482,-2.9997704029,3.4222102165
274.4246959686,-2.9997808933,3.4215598106
275.4247531891,-2.9997785091,3.4209084511
276.4248104095,-2.9997851849,3.420268774
277.42486763,-2.9997925758,3.4196162224
278.4239249229,-2.9997756481,3.4189519882
279.4239821434,-2.9997706413,3.4183001518
280.4240393639,-2.9997813702,3.4176318645
281.4240961075,-2.999778986,3.4169871807
282.4241533279,-2.9997704029,3.4163386822
283.4242105484,-2.9997689724,3.4156942368
284.4242677689,-2.9997770786,3.4150559902
285.4243249893,-2.9997704029,3.4144089222
286.4243822098,-2.9997727871,3.4137706757
287.4244394302,-2.9997770786,3.4131224155
288.4244966507,-2.9997706413,3.4124946594
289.4245538712,-2.9997944832,3.4118542671
290.4246110916,-2.9997951984,3.4112160206
291.4246683121,-2.9997780323,3.4105815887
292.4247255325,-2.9997758865,3.4099597931
293.424782753,-2.9997835159,3.4093453884
294.4248399734,-2.9997758865,3.4087004662
295.4238972664,-2.9997754097,3.4080808163
296.4239544868,-2.9997754097,3.4074616432
297.4240117073,-2.9997739792,3.4068369865
298.4240689278,-2.9997661114,3.406229496
299.4241261482,-2.9997918606,3.4056041241
300.4241833687,-2.999786377,3.4049694538
301.4242401123,-2.9997775555,3.4043617249
302.4242973328,-2.9997787476,3.4037380219
303.4243545532,-2.9997839928,3.4031119347
304.4244117737,-2.9997742176,3.4025075436
305.4244689941,-2.9997849464,3.4018774033
306.4245262146,-2.9997851849,3.4012799263
307.4245834351,-2.9997828007,3.4006726742
308.4246406555,-2.9997699261,3.4000511169
309.424697876,-2.999771595,3.3994545937
310.4247550964,-2.999777317,3.398853302
311.4248123169,-2.9997870922,3.3982481956
312.4248695374,-2.9997894764,3.3976471424
313.4239263535,-2.9997675419,3.3970594406
314.4239840508,-2.9997711182,3.3964781761
315.4240407944,-2.9997975826,3.3958754539
316.4240984917,-2.9997980595,3.3952870369
317.4241552353,-2.9997828007,3.3946802616
318.4242129326,-2.999776125,3.3940935135
319.4242696762,-2.9997727871,3.3934824467
320.4243273735,-2.9997851849,3.3928985596
321.4243841171,-2.9997961521,3.3923096657
322.4244413376,-2.9997937679,3.3917562962
323.424498558,-2.9997940063,3.3911626339
324.4245557785,-2.999792099,3.3905794621
325.4246125221,-2.99979949,3.3900074959
326.4246702194,-2.9997906685,3.389425993
327.424726963,-2.9997758865,3.3888463974
328.4247846603,-2.9997878075,3.3882665634
329.424841404,-2.9997837543,3.3877096176
330.4238986969,-2.9997684956,3.387137413
331.4239559174,-2.9997806549,3.3865885735
332.4240131378,-2.9997770786,3.3860340118
333.4240703583,-2.9997706413,3.3854622841
334.4241275787,-2.9997675419,3.3848984241
335.4241847992,-2.9997580051,3.3843243122
336.4242420197,-2.9997813702,3.3837711811
337.4242992401,-2.9997801781,3.3832156658
338.4243564606,-2.999778986,3.3826539516
339.424413681,-2.9997880459,3.3820989132
340.4244709015,-2.999755621,3.3815510273
341.4245281219,-2.9997677803,3.381008625
342.4245853424,-2.9997694492,3.3804397583
343.4246425629,-2.9997661114,3.3798923492
344.4246993065,-2.9997644424,3.3793547153
345.4247565269,-2.9997699261,3.3788228035
346.4248137474,-2.9997711182,3.3782777786
347.4248709679,-2.9997577667,3.3777630329
348.4239282608,-2.9997825623,3.3772103786
349.4239854813,-2.9997701645,3.3766629696
350.4240427017,-2.9997639656,3.3761274815
351.4240999222,-2.9997663498,3.3755867481
352.4241571426,-2.9997758865,3.3750572205
353.4242143631,-2.999778986,3.3745465279
354.4242715836,-2.9997622967,3.374007225
355.424328804,-2.9997782707,3.373483181
356.4243860245,-2.9997580051,3.3729486465
357.4244432449,-2.9997806549,3.3724222183
358.4245004654,-2.9997954369,3.3719155788
359.4245576859,-2.9997680187,3.3713901043
360.4246149063,-2.999768734,3.3708689213
361.4246721268,-2.9997823238,3.3703458309
362.4247293472,-2.9997825623,3.3698256016
363.4247865677,-2.9997413158,3.3693201542
364.4248433113,-2.9997766018,3.3687853813
365.4239006042,-2.999774456,3.3682775497
366.4239578247,-2.9997799397,3.3677754402
367.4240150452,-2.9997625351,3.3672568798
368.4240722656,-2.9997746944,3.3667273521
369.4241294861,-2.9997801781,3.366243124
370.4241867065,-2.9997677803,3.3657343388
371.424243927,-2.999768734,3.3652253151
372.4243011475,-2.9997711182,3.3647329807
373.4243583679,-2.999753952,3.3642351627
374.4244155884,-2.9997720718,3.3637428284
375.4244728088,-2.9997320175,3.3632376194
376.4245300293,-2.9997551441,3.3627388477
377.4245872498,-2.9997620583,3.3622436523
378.4246444702,-2.9997496605,3.3617486954
379.4247016907,-2.9997525215,3.3612527847
380.4247589111,-2.9997701645,3.360765934
381.4248161316,-2.9997615814,3.3602702618
382.4238729477,-2.999755621,3.3597664833
383.4239301682,-2.9997713566,3.3592905998
384.4239873886,-2.9997675419,3.3588068485
385.4240446091,-2.9997801781,3.358301878
386.4241018295,-2.9997684956,3.3578300476
387.42415905,-2.9997820854,3.3573522568
388.4242162704,-2.9997787476,3.3568737507
389.4242734909,-2.9997615814,3.3563871384
390.4243307114,-2.999765873,3.3559105396
391.4243879318,-2.9997766018,3.355432272
392.4244451523,-2.9997780323,3.3549675941
393.4245023727,-2.9997797012,3.3544998169
394.4245595932,-2.9997684956,3.3540315628
395.4246168137,-2.9997830391,3.3535530567
396.4246740341,-2.9997758865,3.3530805111
397.4247312546,-2.9997730255,3.352617979
398.424788475,-2.9997739792,3.3521332741
399.4248456955,-2.9997742176,3.3516619205
400.4239025116,-2.999776125,3.351200819
401.4239597321,-2.9997620583,3.3507466316
402.4240169525,-2.9997768402,3.3502807617
403.424074173,-2.999789238,3.3498065472
404.4241313934,-2.9997661114,3.3493645191
405.4241886139,-2.9997766018,3.3488807678
406.4242458344,-2.9997746944,3.3484318256
407.4243030548,-2.9997570515,3.3479423523
408.4243602753,-2.9997625351,3.3474936485
409.4244174957,-2.9997808933,3.3470368385
410.4244747162,-2.9997680187,3.3465909958
411.4245319366,-2.999767065,3.3461322784
412.4245891571,-2.9997618198,3.345678091
413.4246463776,-2.9997694492,3.3452327251
414.424703598,-2.9997630119,3.3447794914
415.4247608185,-2.9997756481,3.3443384171
416.4248180389,-2.9997732639,3.3438773155
417.4238753319,-2.9997508526,3.3434295654
418.4239325523,-2.999778986,3.3429796696
419.4239897728,-2.9997735023,3.3425273895
420.4240465164,-2.999767065,3.3420879841
421.4241037369,-2.9997758865,3.341629982
422.4241609573,-2.9997692108,3.3411872387
423.4242181778,-2.9997801781,3.3407421112
424.4242753983,-2.999774456,3.3402962685
425.4243326187,-2.9997699261,3.3398499489
426.4243898392,-2.9997746944,3.3394196033
427.4244470596,-2.9997808933,3.3389582634
428.4245042801,-2.9997911453,3.3385257721
429.4245615005,-2.9997706413,3.3380806446
430.424618721,-2.9997754097,3.3376369476
431.4246759415,-2.999792099,3.3372039795
432.4247331619,-2.9997758865,3.3367650509
433.4247903824,-2.9997806549,3.336337328
434.4248476028,-2.9997768402,3.3359129429
435.4239048958,-2.9997680187,3.3354706764
436.4239616394,-2.99979496,3.3350367546
437.4240193367,-2.9997739792,3.3346097469
438.4240760803,-2.999771595,3.3341624737
439.4241337776,-2.9997727871,3.3337318897
440.4241905212,-2.9997880459,3.3332891464
441.4242477417,-2.9997897148,3.3328611851
442.4243049622,-2.9997727871,3.3324258327
443.4243621826,-2.9998009205,3.3319833279
444.4244189262,-2.9997899532,3.3315505981
445.4244766235,-2.9997963905,3.3311078548
446.4245333672,-2.9997940063,3.3306825161
447.4245910645,-2.9997940063,3.3302652836
448.4246478081,-2.9997930527,3.3298256397
449.4247055054,-2.9997820854,3.3293964863
450.424762249,-2.9997947216,3.3289597034
451.4248199463,-2.9998004436,3.3285255432
452.4238767624,-2.9998002052,3.3281042576
453.4239339828,-2.9997925758,3.327675581
454.4239912033,-2.9998047352,3.3272461891
455.4240484238,-2.9997842312,3.3268072605
456.4241056442,-2.9997992516,3.3264005184
457.4241628647,-2.9997935295,3.3259608746
458.4242200851,-2.9997866154,3.3255467415
459.4242773056,-2.999796629,3.3250973225
460.4243345261,-2.9997911453,3.3246974945
461.4243917465,-2.9998013973,3.3242590427
462.424448967,-2.9997985363,3.3238482475
463.4245057106,-2.9997749329,3.3234238625
464.4245629311,-2.9997932911,3.3229882717
465.4246201515,-2.9997866154,3.3225576878
466.424677372,-2.9998040199,3.3221466541
467.4247345924,-2.9997749329,3.3217291832
468.4247918129,-2.999792099,3.3212912083
469.4248490334,-2.9998118877,3.3208680153
470.4239063263,-2.9997990131,3.3204314709
471.4239635468,-2.9997830391,3.3200058937
472.4240207672,-2.999792099,3.3195943832
473.4240779877,-2.9997754097,3.3191626072
474.4241352081,-2.9997918606,3.3187422752
475.4241924286,-2.999792099,3.3183271885
476.424249649,-2.9997889996,3.317895174
477.4243068695,-2.9997868538,3.3174722195
478.42436409,-2.9997990131,3.3170464039
479.4244213104,-2.9997911453,3.3166055679
480.4244785309,-2.9997823238,3.3161985874
481.4245357513,-2.9997947216,3.3157613277
482.4245929718,-2.9997806549,3.3153517246
483.4246497154,-2.999776125,3.3149285316
484.4247069359,-2.9997868538,3.314496994
485.4247641563,-2.9997794628,3.3140733242
486.4248213768,-2.9997580051,3.3136472702
487.4238786697,-2.9997835159,3.3132498264
488.4239358902,-2.9997656345,3.31280303
489.4239931107,-2.9997749329,3.3123776913
490.4240503311,-2.9997947216,3.3119568825
491.4241075516,-2.9997797012,3.3115427494
492.424164772,-2.9997692108,3.3111085892
493.4242219925,-2.9997899532,3.3106839657
494.424279213,-2.9997940063,3.3102476597
495.4243364334,-2.9997794628,3.3098428249
496.4243936539,-2.9997794628,3.3094136715
497.4244508743,-2.9997797012,3.3090007305
498.4245080948,-2.9997930527,3.3085720539
499.4245653152,-2.9997866154,3.3081419468
500.4246225357,-2.9998025894,3.3077068329
501.4246797562,-2.9997947216,3.3073022366
502.4247369766,-2.999806881,3.3068802357
503.4247937202,-2.9997880459,3.3064506054
504.4248509407,-2.9997756481,3.306009531
505.4239082336,-2.9998102188,3.305593729
506.4239654541,-2.9997935295,3.3051753044
507.4240226746,-2.9998130798,3.3047380447
508.424079895,-2.9997904301,3.3043346405
509.4241371155,-2.9997861385,3.3039090633
510.4241943359,-2.9997880459,3.3034758568
511.4242515564,-2.9997823238,3.3030302525
512.4243087769,-2.9998025894,3.3026072979
513.4243659973,-2.999792099,3.3021914959
514.4244232178,-2.9997918606,3.3017537594
515.4244804382,-2.9998073578,3.3013195992
516.4245376587,-2.9997794628,3.3009102345
517.4245948792,-2.9997727871,3.3004665375
518.4246520996,-2.9998009205,3.3000435829
519.4247093201,-2.9997742176,3.2996342182
520.4247665405,-2.999776125,3.2991874218
521.424823761,-2.9997904301,3.2987639904
522.4238805771,-2.9997746944,3.298337698
523.4239377975,-2.9997861385,3.2979001999
524.423995018,-2.9997837543,3.2974698544
525.4240522385,-2.9997944832,3.297055006
526.4241094589,-2.9997959137,3.2966175079
527.4241666794,-2.9998254776,3.2961783409
528.4242238998,-2.9997973442,3.2957696915
529.4242811203,-2.9997987747,3.2953073978
530.4243383408,-2.9998033047,3.2948861122
531.4243955612,-2.9998016357,3.2944557667
532.4244527817,-2.9997880459,3.2940225601
533.4245100021,-2.9997959137,3.293596983
534.4245672226,-2.9997825623,3.2931585312
535.4246244431,-2.9997825623,3.292734623
536.4246816635,-2.9998047352,3.2923064232
537.424738884,-2.9998016357,3.2918555737
538.4247961044,-2.9997951984,3.291434288
539.4248533249,-2.9998030663,3.2909927368
540.423910141,-2.9997980595,3.2905795574
541.4239673615,-2.9997746944,3.2901287079
542.4240245819,-2.9998085499,3.2896747589
543.4240818024,-2.99979496,3.2892577648
544.4241390228,-2.9997889996,3.2888286114
545.4241962433,-2.999796629,3.288369894
546.4242534637,-2.9997906685,3.2879462242
547.4243106842,-2.9997849464,3.2875182629
548.4243679047,-2.9997944832,3.2870733738
549.4244251251,-2.9997756481,3.2866353989
550.4244823456,-2.9997894764,3.2861990929
551.424539566,-2.9997916222,3.2857635021
552.4245967865,-2.9997835159,3.2852985859
553.424654007,-2.9997794628,3.2848834991
554.4247112274,-2.9998171329,3.2844314575
555.4247684479,-2.9997990131,3.283987999
556.4248256683,-2.9997954369,3.2835450172
557.4238824844,-2.9998099804,3.2831056118
558.4239401817,-2.9997894764,3.2826519012
559.4239969254,-2.9998049736,3.28221035
560.4240541458,-2.9997866154,3.2817833424
561.4241113663,-2.9997973442,3.2813158035
562.4241685867,-2.9998009205,3.2808716297
563.4242253304,-2.9998002052,3.280415535
564.4242830276,-2.999796629,3.279971838
565.4243397713,-2.9997992516,3.2795166969
566.4243974686,-2.9998090267,3.2790658474
567.4244542122,-2.9997816086,3.2786099911
568.4245119095,-2.9997742176,3.2781789303
569.4245686531,-2.999789238,3.2777371407
570.4246263504,-2.999786377,3.2772932053
571.424683094,-2.9997849464,3.2768263817
572.4247407913,-2.999792099,3.2763705254
573.4247975349,-2.99979496,3.2759270668
574.4248552322,-2.9997932911,3.2754583359
575.4239120483,-2.999797821,3.2750005722
576.4239692688,-2.9997951984,3.27455616
577.4240264893,-2.9998021126,3.274096489
578.4240837097,-2.9997944832,3.2736501694
579.4241409302,-2.9997930527,3.2732067108
580.4241981506,-2.9997954369,3.27272892
581.4242553711,-2.9998135567,3.27226758
582.4243121147,-2.9997985363,3.2718276978
583.4243693352,-2.9997780323,3.2713708878
584.4244265556,-2.9998013973,3.2709245682
585.4244837761,-2.9997866154,3.2704529762
586.4245409966,-2.9998025894,3.2700271606
587.424598217,-2.999789238,3.2695560455
588.4246554375,-2.9997897148,3.2690684795
589.4247126579,-2.999789238,3.2686157227
590.4247698784,-2.9997768402,3.268163681
591.4248270988,-2.9997897148,3.2677044868
592.4238843918,-2.9997837543,3.2672584057
593.4239416122,-2.9997742176,3.2667701244
594.4239988327,-2.9997646809,3.2663385868
595.4240560532,-2.999777317,3.2658586502
596.4241132736,-2.9997766018,3.2654042244
597.4241704941,-2.9997663498,3.2649612427
598.4242277145,-2.9997808933,3.2644867897
599.424284935,-2.9997806549,3.2640295029
600.4243421555,-2.9997828007,3.2635598183
601.4243993759,-2.9997861385,3.2630722523
602.4244561195,-2.999786377,3.2626290321
603.42451334,-2.9997923374,3.2621541023
604.4245705605,-2.9997758865,3.2616841793
605.4246277809,-2.9997935295,3.2612147331
606.4246850014,-2.9997899532,3.2607488632
607.4247422218,-2.9997704029,3.2602782249
608.4247994423,-2.9997911453,3.2598109245
609.4248566628,-2.9997787476,3.2593464851
610.4239139557,-2.9997749329,3.2588913441
611.4239711761,-2.9997811317,3.2584199905
612.4240283966,-2.9997787476,3.2579541206
613.4240856171,-2.9997870922,3.2574818134
614.4241428375,-2.9997866154,3.2570178509
615.424200058,-2.9997825623,3.2565414906
616.4242572784,-2.9997932911,3.2560532093
617.4243144989,-2.9997630119,3.2556176186
618.4243717194,-2.9997911453,3.2551293373
619.4244289398,-2.9997870922,3.2546496391
620.4244861603,-2.9997730255,3.2541832924
621.4245433807,-2.9997820854,3.2537069321
622.4246001244,-2.999787569,3.2532100677
623.4246573448,-2.9997677803,3.2527434826
624.4247145653,-2.9997904301,3.2522730827
625.4247717857,-2.9997699261,3.2518184185
626.4248290062,-2.9997735023,3.2513308525
627.4238862991,-2.9997878075,3.2508339882
628.4239435196,-2.9997835159,3.2503504753
629.4240007401,-2.999778986,3.2498781681
630.4240579605,-2.9997837543,3.2493872643
631.424115181,-2.9997947216,3.2489049435
632.4241724014,-2.9997947216,3.248452425
633.4242296219,-2.9997618198,3.2479577065
634.4242868423,-2.9997794628,3.2474608421
635.4243440628,-2.9997985363,3.2469859123
636.4244012833,-2.999768734,3.2465054989
637.4244585037,-2.999768734,3.2460236549
638.4245157242,-2.9997806549,3.2455551624
639.4245729446,-2.9997730255,3.2450554371
640.4246301651,-2.9997758865,3.2445795536
641.4246869087,-2.9997806549,3.244096756
642.4247441292,-2.9997816086,3.2435958385
643.4248013496,-2.999777317,3.243121624
644.4248585701,-2.9997816086,3.2426528931
645.423915863,-2.9997758865,3.2421746254
646.4239730835,-2.9997899532,3.24168396
647.424030304,-2.9997825623,3.2411856651
648.4240875244,-2.9997899532,3.2407059669
649.4241447449,-2.9997987747,3.2402122021
650.4242019653,-2.9997823238,3.2397384644
651.4242591858,-2.9998166561,3.2392342091
652.4243164063,-2.9997811317,3.238764286
653.4243736267,-2.9997816086,3.2382564545
654.4244308472,-2.999797821,3.2377796173
655.4244880676,-2.9997868538,3.2372801304
656.4245452881,-2.9997861385,3.2367773056
657.4246025085,-2.9997951984,3.2362990379
658.424659729,-2.9997806549,3.2358188629
659.4247169495,-2.9997947216,3.2353301048
660.4247741699,-2.9997882843,3.2348563671
661.4248309135,-2.9997992516,3.2343292236
662.4238882065,-2.9997885227,3.2338371277
663.4239454269,-2.9997842312,3.233341217
664.4240026474,-2.9998111725,3.232868433
665.4240598679,-2.9997975826,3.2323527336
666.4241170883,-2.9998013973,3.2318677902
667.4241743088,-2.9998130798,3.2313942909
668.4242315292,-2.999796629,3.2308857441
669.4242887497,-2.9998054504,3.2303709984
670.4243459702,-2.9997959137,3.2298927307
671.4244031906,-2.9998102188,3.2293829918
672.4244604111,-2.9998018742,3.2288815975
673.4245176315,-2.999792099,3.2283754349
674.424574852,-2.9998049736,3.2278912067
675.4246320724,-2.9997925758,3.2273759842
676.4246892929,-2.9998071194,3.2269017696
677.4247465134,-2.9997828007,3.2263998985
678.4248037338,-2.9998116493,3.225890398
679.4248609543,-2.9997985363,3.2254056931
680.4239177704,-2.9997861385,3.2248837948
681.4239749908,-2.9998071194,3.2244007587
682.4240317345,-2.9998049736,3.2238850594
683.4240894318,-2.9998047352,3.2233667374
684.4241461754,-2.9998006821,3.2228813171
685.4242038727,-2.9998064041,3.2223684788
686.4242606163,-2.9997909069,3.2218928337
687.4243183136,-2.9997918606,3.2213592529
688.4243750572,-2.9998071194,3.2208769321
689.4244327545,-2.9997854233,3.2203743458
690.4244894981,-2.9997882843,3.2198691368
691.4245471954,-2.9998028278,3.2193677425
692.4246039391,-2.9998002052,3.2188491821
693.4246616364,-2.9998016357,3.218360424
694.42471838,-2.9997937679,3.2178573608
695.4247760773,-2.9998109341,3.2173376083
696.4248328209,-2.9998035431,3.2168269157
697.4238901138,-2.9997985363,3.216332674
698.4239473343,-2.9997992516,3.2158381939
699.4240045547,-2.9998013973,3.2153203487
700.4240617752,-2.9998056889,3.2148256302
701.4241185188,-2.9997880459,3.2143189907
702.4241757393,-2.9997937679,3.2138011456
703.4242329597,-2.9998025894,3.2132899761
704.4242901802,-2.9997990131,3.2127990723
705.4243474007,-2.9997835159,3.2123093605
706.4244046211,-2.9997828007,3.211785078
707.4244618416,-2.999787569,3.211278677
708.424519062,-2.9997706413,3.2107536793
709.4245762825,-2.9998104572,3.2102537155
710.424633503,-2.9997985363,3.2097468376
711.4246907234,-2.9997971058,3.2092292309
712.4247479439,-2.9998085499,3.2087323666
713.4248051643,-2.999789238,3.2082233429
714.4248623848,-2.999797821,3.207710743
715.4239196777,-2.9997797012,3.2072069645
716.4239768982,-2.9997959137,3.2066993713
717.4240341187,-2.9998009205,3.2061822414
718.4240913391,-2.9997947216,3.205657959
719.4241485596,-2.9998059273,3.2051770687
720.42420578,-2.9997971058,3.2046396732
721.4242625237,-2.9997911453,3.2041544914
722.4243197441,-2.9997634888,3.2036402225
723.4243769646,-2.9997849464,3.2031223774
724.424434185,-2.9998064041,3.2026138306
725.4244914055,-2.9997923374,3.2021136284
726.4245486259,-2.9998009205,3.2015907764
727.4246058464,-2.9997940063,3.2010765076
728.4246630669,-2.9997830391,3.2005515099
729.4247202873,-2.9997961521,3.2000427246
730.4247775078,-2.9997870922,3.1995491982
731.4248347282,-2.9997775555,3.1990175247
732.4238920212,-2.9997835159,3.1985177994
733.4239492416,-2.9997694492,3.1979999542
734.4240064621,-2.9997856617,3.1974790096
735.4240636826,-2.9997694492,3.1969671249
736.424120903,-2.9997797012,3.1964428425
737.4241781235,-2.9997611046,3.195933342
738.4242353439,-2.9997899532,3.1954083443
739.4242925644,-2.9998073578,3.1948843002
740.424349308,-2.9997837543,3.1943728924
741.4244065285,-2.9997897148,3.193849802
742.4244637489,-2.9997825623,3.1933188438
743.4245209694,-2.99979949,3.1928043365
744.4245781898,-2.999768734,3.1922893524
745.4246354103,-2.9997787476,3.191775322
746.4246926308,-2.9997923374,3.1912446022
747.4247498512,-2.9997878075,3.1907229424
748.4248070717,-2.9997835159,3.1902024746
749.4248642921,-2.9997868538,3.1896722317
750.4239215851,-2.9998123646,3.1891493797
751.4239788055,-2.9997770786,3.1886301041
752.424036026,-2.9997766018,3.1880998611
753.4240932465,-2.9998002052,3.1875858307
754.4241504669,-2.9997894764,3.1870570183
755.4242076874,-2.9997849464,3.1865305901
756.4242649078,-2.99979496,3.1860136986
757.4243221283,-2.9997851849,3.185492754
758.4243793488,-2.9997916222,3.1849689484
759.4244365692,-2.9997870922,3.184432745
760.4244933128,-2.9998056889,3.1839122772
761.4245505333,-2.9997916222,3.1833872795
762.4246077538,-2.9997971058,3.1828415394
763.4246649742,-2.9997925758,3.1823306084
764.4247221947,-2.9997785091,3.1818189621
765.4247794151,-2.9998061657,3.1812674999
766.4248366356,-2.9997987747,3.1807491779
767.4238939285,-2.9997861385,3.1802203655
768.423951149,-2.9997911453,3.1796729565
769.4240083694,-2.9997899532,3.1791682243
770.4240655899,-2.9997770786,3.1786262989
771.4241228104,-2.9998095036,3.1780836582
772.4241800308,-2.9997854233,3.1775527
773.4242372513,-2.999797821,3.177011013
774.4242944717,-2.9998033047,3.1764907837
775.4243516922,-2.999796629,3.1759550571
776.4244089127,-2.9998152256,3.1754283905
777.4244661331,-2.9997899532,3.1748900414
778.4245233536,-2.9997904301,3.1743533611
779.424580574,-2.9997916222,3.1738245487
780.4246373177,-2.9997973442,3.1732895374
781.4246945381,-2.9997904301,3.1727545261
782.4247517586,-2.999792099,3.1722078323
783.424808979,-2.9997992516,3.171683073
784.4248661995,-2.9998085499,3.1711580753
785.4239234924,-2.9998059273,3.1706295013
786.4239807129,-2.999815464,3.1700723171
787.4240379333,-2.9998116493,3.1695232391
788.4240951538,-2.9997937679,3.1689956188
789.4241523743,-2.9997911453,3.168446064
790.4242095947,-2.9998085499,3.1679074764
791.4242668152,-2.9998171329,3.1673548222
792.4243240356,-2.9998159409,3.1668140888
793.4243812561,-2.9998168945,3.1662647724
794.4244384766,-2.9998123646,3.1656970978
795.424495697,-2.9998099804,3.1651628017
796.4245529175,-2.9998152256,3.1646134853
797.4246101379,-2.9997861385,3.1640734673
798.4246673584,-2.9997975826,3.1635406017
799.4247245789,-2.999789238,3.1630058289
800.4247813225,-2.9998021126,3.1624281406
801.4248385429,-2.9998073578,3.1619026661
802.4238958359,-2.9997785091,3.1613664627
803.4239525795,-2.99979949,3.1608064175
804.4240102768,-2.9997794628,3.1602659225
805.4240670204,-2.9997842312,3.159717083
806.4241247177,-2.9997932911,3.1591618061
807.4241814613,-2.9997725487,3.1585855484
808.4242391586,-2.9997980595,3.1580548286
809.4242959023,-2.9997816086,3.1574895382
810.4243535995,-2.9997925758,3.1569311619
811.4244103432,-2.9997813702,3.1563885212
812.4244680405,-2.9997828007,3.1558060646
813.4245247841,-2.9998013973,3.1552774906
814.4245824814,-2.9997787476,3.1547186375
815.424639225,-2.999778986,3.1541774273
816.4246969223,-2.9998102188,3.1536128521
817.4247536659,-2.9997944832,3.1530649662
818.4248113632,-2.9998013973,3.1524856091
819.4248681068,-2.9998135567,3.1519420147
820.4239249229,-2.9997963905,3.1513652802
821.4239821434,-2.9998028278,3.1508157253
822.4240393639,-2.999812603,3.1502435207
823.4240965843,-2.9998040199,3.1496942043
824.4241538048,-2.9998056889,3.1491332054
825.4242110252,-2.9998109341,3.148560524
826.4242682457,-2.999808073,3.1479935646
827.4243254662,-2.9998109341,3.1474130154
828.4243826866,-2.9998085499,3.1468687057
829.4244399071,-2.9998114109,3.1462848186
830.4244971275,-2.999815464,3.1457321644
831.424554348,-2.9997992516,3.1451425552
832.4246115685,-2.9998140335,3.1445689201
833.4246687889,-2.9997820854,3.1440131664
834.4247260094,-2.9998140335,3.1434271336
835.4247832298,-2.9998040199,3.1428437233
836.4248404503,-2.9997909069,3.1422731876
837.4238977432,-2.9997937679,3.1417069435
838.4239549637,-2.9997813702,3.1411280632
839.4240117073,-2.9998142719,3.1405432224
840.4240689278,-2.9998006821,3.1399874687
841.4241261482,-2.9998102188,3.1393978596
842.4241833687,-2.9997973442,3.1388249397
843.4242405891,-2.9997851849,3.1382460594
844.4242978096,-2.9998142719,3.1376512051
845.4243550301,-2.9998085499,3.1370732784
846.4244122505,-2.9997999668,3.13651371
847.424469471,-2.9997932911,3.1359274387
848.4245266914,-2.9998021126,3.135322094
849.4245839119,-2.999796629,3.1347494125
850.4246411324,-2.9997868538,3.1341638565
851.4246983528,-2.9997801781,3.1335914135
852.4247555733,-2.9997801781,3.1329843998
853.4248127937,-2.9998171329,3.1324152946
854.4248700142,-2.9997961521,3.1318085194
855.4239273071,-2.9998044968,3.1312322617
856.4239845276,-2.9998135567,3.1306233406
857.424041748,-2.999808073,3.1300423145
858.4240989685,-2.9998173714,3.1294536591
859.4241557121,-2.9998013973,3.1288261414
860.4242129326,-2.999812603,3.1282207966
861.424270153,-2.9998190403,3.127641201
862.4243273735,-2.999815464,3.1270551682
863.424384594,-2.9998192787,3.1264367104
864.4244418144,-2.999789238,3.1258459091
865.4244990349,-2.9998090267,3.1252272129
866.4245562553,-2.9998173714,3.1246230602
867.4246134758,-2.99979496,3.1240217686
868.4246706963,-2.999835968,3.1234004498
869.4247279167,-2.9997987747,3.1228322983
870.4247851372,-2.9997937679,3.1222081184
871.4248423576,-2.9998142719,3.1215965748
872.4238996506,-2.9997842312,3.1209933758
873.423956871,-2.99979949,3.1203956604
874.4240140915,-2.9997861385,3.1197648048
875.424071312,-2.999797821,3.1191563606
876.4241285324,-2.9998004436,3.1185364723
877.4241857529,-2.999808073,3.1179301739
878.4242429733,-2.9997990131,3.1172947884
879.4242997169,-2.9998061657,3.1166932583
880.4243569374,-2.9997911453,3.1160645485
881.4244141579,-2.9998235703,3.1154386997
882.4244713783,-2.999812603,3.1148197651
883.4245285988,-2.9997925758,3.1141896248
884.4245858192,-2.9998171329,3.11358428
885.4246430397,-2.9998109341,3.112937212
886.4247002602,-2.9997947216,3.112319231
887.4247574806,-2.9998071194,3.1116867065
888.4248147011,-2.9998159409,3.1110363007
889.4248719215,-2.9998075962,3.1104037762
890.4239292145,-2.9997961521,3.1097652912
891.4239864349,-2.9998116493,3.1091213226
892.4240436554,-2.9998095036,3.1084878445
893.4241008759,-2.9997911453,3.1078491211
894.4241580963,-2.9998006821,3.1071944237
895.4242153168,-2.9997930527,3.1065516472
896.4242725372,-2.9998056889,3.1059088707
897.4243297577,-2.9997947216,3.1052575111
898.4243869781,-2.9998009205,3.1046352386
899.4244437218,-2.9998095036,3.1040101051
900.4245009422,-2.9998030663,3.1033267975
901.4245581627,-2.9998104572,3.1026926041
902.4246153831,-2.9997954369,3.1020436287
903.4246726036,-2.9998230934,3.1013598442
904.4247298241,-2.9998042583,3.1007153988
905.4247870445,-2.9998104572,3.1000576019
906.424844265,-2.9998114109,3.0994076729
907.4239015579,-2.9998173714,3.098741293
908.4239587784,-2.9997975826,3.0980737209
909.4240159988,-2.9997935295,3.0974097252
910.4240732193,-2.9997947216,3.0967457294
911.4241304398,-2.9997811317,3.0960793495
912.4241876602,-2.9998059273,3.095397234
913.4242448807,-2.9997844696,3.0947241783
914.4243021011,-2.9997799397,3.0940389633
915.4243593216,-2.999809742,3.0933566093
916.4244165421,-2.9998013973,3.0926673412
917.4244737625,-2.9997909069,3.091988802
918.4245305061,-2.99979949,3.0913162231
919.4245877266,-2.9997923374,3.090637207
920.4246449471,-2.9997849464,3.089943409
921.4247021675,-2.9997835159,3.0892550945
922.424759388,-2.9997808933,3.0885777473
923.4248166084,-2.9997916222,3.0878837109
924.4238734245,-2.9997775555,3.0871901512
925.4239311218,-2.9997770786,3.0864803791
926.4239878654,-2.9997799397,3.0857880116
927.4240455627,-2.9997885227,3.0850684643
928.4241023064,-2.9997839928,3.0843882561
929.4241600037,-2.9997911453,3.0836484432
930.4242167473,-2.9997923374,3.0829553604
931.4242744446,-2.9997930527,3.0822300911
932.4243311882,-2.9998021126,3.0815234184
933.4243888855,-2.9997739792,3.0807907581
934.4244456291,-2.9997880459,3.0800673962
935.4245033264,-2.9997782707,3.0793623924
936.42456007,-2.9997882843,3.0786316395
937.4246177673,-2.9997937679,3.0779001713
938.424674511,-2.9997971058,3.0771353245
939.4247317314,-2.9997830391,3.0764086246
940.4247889519,-2.9997882843,3.0756678581
941.4248461723,-2.9997828007,3.0749228001
942.4239029884,-2.9997999668,3.0741634369
943.4239602089,-2.9997854233,3.073420763
944.4240174294,-2.9997718334,3.072681427
945.4240746498,-2.9997849464,3.071921587
946.4241318703,-2.9997947216,3.0711538792
947.4241890907,-2.9997830391,3.0704007149
948.4242463112,-2.9997880459,3.0696353912
949.4243035316,-2.9997985363,3.0688722134
950.4243607521,-2.9997889996,3.0681095123
951.4244179726,-2.9997849464,3.0673334599
952.424475193,-2.9997980595,3.0665721893
953.4245324135,-2.99979496,3.0657889843
954.4245896339,-2.9997932911,3.0650129318
955.4246468544,-2.9998013973,3.0642185211
956.4247040749,-2.9997897148,3.0634243488
957.4247612953,-2.99979949,3.0626242161
958.4248185158,-2.9997780323,3.06183815
959.4238753319,-2.9997882843,3.0610301495
960.4239325523,-2.9997720718,3.0601992607
961.4239897728,-2.9998123646,3.0593805313
962.4240469933,-2.9997830391,3.0585670471
963.4241042137,-2.9998056889,3.0577247143
964.4241614342,-2.9997992516,3.0569293499
965.4242186546,-2.9997963905,3.0560865402
966.4242758751,-2.9998261929,3.0552601814
967.4243330956,-2.9997811317,3.0544238091
968.424390316,-2.9998035431,3.0535831451
969.4244475365,-2.9997951984,3.0527303219
970.4245047569,-2.9997980595,3.0518467426
971.4245619774,-2.9998104572,3.0510027409
972.4246191978,-2.9997897148,3.0501298904
973.4246764183,-2.9997916222,3.0492639542
974.4247336388,-2.9997837543,3.0483915806
975.4247908592,-2.9997835159,3.0475234985
976.4248480797,-2.9997947216,3.0466198921
977.4239053726,-2.999797821,3.0457427502
978.4239621162,-2.9997839928,3.0448362827
979.4240193367,-2.9998128414,3.0439419746
980.4240765572,-2.9997935295,3.0430374146
981.4241337776,-2.9997918606,3.0421395302
982.4241909981,-2.9998002052,3.0412149429
983.4242482185,-2.9997885227,3.0402715206
984.424305439,-2.9997918606,3.0393533707
985.4243626595,-2.9998028278,3.0384070873
986.4244198799,-2.9998016357,3.0374703407
987.4244771004,-2.999787569,3.0365302563
988.4245343208,-2.9997973442,3.0355577469
989.4245915413,-2.9998118877,3.0345849991
990.4246487617,-2.9997990131,3.0336093903
991.4247059822,-2.9997889996,3.032643795
992.4247632027,-2.9997980595,3.0316505432
993.4248204231,-2.9998075962,3.0306551456
994.4238777161,-2.9997870922,3.0296547413
995.4239349365,-2.9997916222,3.0286445618
996.423992157,-2.9997768402,3.0276203156
997.4240493774,-2.9997897148,3.0265986919
998.4241061211,-2.9998018742,3.0255608559
999.4241633415,-2.9998075962,3.024532795
1000.424220562,-2.9998002052,3.0234861374
1001.4242777824,-2.9998104572,3.0224030018
1002.4243350029,-2.9998033047,3.0213422775
1003.4243922234,-2.9997954369,3.0202481747
1004.4244494438,-2.9997947216,3.0191731453
1005.4245066643,-2.9997828007,3.0180704594
1006.4245638847,-2.9997925758,3.0169551373
1007.4246211052,-2.9998145103,3.0158381462
1008.4246783257,-2.9997897148,3.0147135258
1009.4247355461,-2.999786377,3.0135617256
1010.4247927666,-2.9997990131,3.0124206543
1011.424849987,-2.999792099,3.011244297
1012.42390728,-2.9997823238,3.0100831985
1013.4239645004,-2.9997806549,3.0088982582
1014.4240217209,-2.9997909069,3.0076889992
1015.4240789413,-2.9997851849,3.006478548
1016.4241361618,-2.9997835159,3.0052649975
1017.4241929054,-2.9997825623,3.0040273666
1018.4242501259,-2.9997808933,3.002753973
1019.4243073463,-2.9997923374,3.001512289
1020.4243645668,-2.9998002052,3.0002281666
1021.4244217873,-2.9998009205,2.9989302158
1022.4244790077,-2.9998073578,2.9976294041
1023.4245362282,-2.9998128414,2.99629426
1024.4245934486,-2.9998083115,2.9949412346
1025.4246506691,-2.9997849464,2.993614912
1026.4247078896,-2.9998083115,2.9922316074
1027.42476511,-2.9997894764,2.9908497334
1028.4248223305,-2.9997909069,2.989433527
1029.4238796234,-2.9997951984,2.9880175591
1030.4239368439,-2.99979949,2.9865782261
1031.4239940643,-2.9997880459,2.9850990772
1032.4240512848,-2.9998054504,2.9836153984
1033.4241085052,-2.9998140335,2.9821212292
1034.4241657257,-2.9997930527,2.9805963039
1035.4242229462,-2.9997899532,2.979057312
1036.4242801666,-2.9998104572,2.9774999619
1037.4243369102,-2.9997918606,2.9758992195
1038.4243941307,-2.9997885227,2.9742851257
1039.4244513512,-2.999797821,2.9726679325
1040.4245085716,-2.99979496,2.971003294
1041.4245657921,-2.9998123646,2.9693140984
1042.4246230125,-2.9997839928,2.9675958157
1043.424680233,-2.9998064041,2.9658699036
1044.4247374535,-2.9998090267,2.9641001225
1045.4247946739,-2.9997947216,2.9623208046
1046.4248518944,-2.9998002052,2.9604952335
1047.4239087105,-2.9998035431,2.9586551189
1048.4239664078,-2.9998157024,2.9567863941
1049.4240231514,-2.9997973442,2.9549171925
1050.4240808487,-2.9998102188,2.9529657364
1051.4241375923,-2.9998171329,2.9510040283
1052.4241952896,-2.9998197556,2.9490149021
1053.4242520332,-2.999815464,2.9469869137
1054.4243097305,-2.9998142719,2.9449429512
1055.4243664742,-2.9998104572,2.9428122044
1056.4244241714,-2.9997987747,2.9407055378
1057.4244809151,-2.999812603,2.9385340214
1058.4245381355,-2.9998099804,2.9363267422
1059.424595356,-2.9998095036,2.9340858459
1060.4246525764,-2.999792099,2.9318034649
1061.4247093201,-2.9998123646,2.9294910431
1062.4247670174,-2.9998090267,2.9271275997
1063.424823761,-2.9998254776,2.9247224331
1064.4238810539,-2.9998040199,2.9222788811
1065.4239382744,-2.9997985363,2.9197723866
1066.4239954948,-2.9998171329,2.9172472954
1067.4240527153,-2.9998142719,2.9146430492
1068.4241099358,-2.999796629,2.9119951725
1069.4241671562,-2.9998085499,2.9093289375
1070.4242243767,-2.9998059273,2.9065904617
1071.4242815971,-2.9998059273,2.9037973881
1072.4243388176,-2.9998071194,2.9009599686
1073.4243960381,-2.9998209476,2.8980565071
1074.4244532585,-2.9998173714,2.8951060772
1075.424510479,-2.9998035431,2.8920812607
1076.4245676994,-2.9998178482,2.8890032768
1077.4246249199,-2.999815464,2.8858861923
1078.4246821404,-2.9998116493,2.8826870918
1079.4247393608,-2.9998104572,2.8794221878
1080.4247965813,-2.9998118877,2.876095295
1081.4248533249,-2.9998135567,2.8726911545
1082.4239106178,-2.9998178482,2.8692498207
1083.4239678383,-2.999818325,2.8657217026
1084.4240250587,-2.9998047352,2.8621015549
1085.4240822792,-2.999819994,2.8584222794
1086.4241394997,-2.999806881,2.8546793461
1087.4241967201,-2.9998095036,2.8508353233
1088.4242539406,-2.9998178482,2.8469195366
1089.424311161,-2.9998111725,2.8429062366
1090.4243683815,-2.999815464,2.8388175964
1091.424425602,-2.9998240471,2.8346486092
1092.4244828224,-2.9998033047,2.8303928375
1093.4245400429,-2.9998059273,2.8260195255
1094.4245972633,-2.9997940063,2.8215718269
1095.4246544838,-2.9997839928,2.8170087337
1096.4247117043,-2.9998157024,2.8123557568
1097.4247689247,-2.9997987747,2.8075871468
1098.4248261452,-2.9998116493,2.8027062416
1099.4238829613,-2.9998021126,2.7977390289
1100.4239401817,-2.9997985363,2.7926366329
1101.4239974022,-2.9998044968,2.7874009609
1102.4240546227,-2.999796629,2.7820711136
1103.4241118431,-2.999808073,2.7765898705
1104.4241690636,-2.9998102188,2.7709918022
1105.424226284,-2.9998004436,2.7652540207
1106.4242835045,-2.9998071194,2.7593722343
1107.4243407249,-2.9997940063,2.7533528805
1108.4243979454,-2.99979496,2.7471609116
